{"next-market-price": 1.0, "market-price": 0.9999995486164368, "market-cap": 0.9991996765844547, "miners-revenue": 0.942012116374428, "sma-5-days": 0.9115806133474696, "sma-7-days": 0.8851174630858047, "estimated-transaction-volume-usd": 0.8397570199364658, "sma-10-days": 0.8395727512147708, "n-transactions-total": 0.7384311265672872, "blocks-size": 0.7304299790136078, "sma-100-days": 0.7142676729555125, "sma-200-days": 0.7142676729555125, "sma-300-days": 0.7142676729555125, "total-bitcoins": 0.7112584765123277, "sma-20-days": 0.6978927017344718, "sma-50-days": 0.6806568700084189, "n-unique-addresses": 0.6471384523664735, "difficulty": 0.6286672149636527, "hash-rate": 0.6267064934663721, "avg-block-size": 0.5119654674455656, "transaction-fees-usd": 0.3733385090120885, "trade-volume": 0.2641932615701134, "n-transactions-per-block": 0.16829100912374376, "n-transactions": 0.1396085278236886, "rate-of-change": -0.02751819000427718}