Model,Type,Splitting,Features,Parameters,RMSE,MSE,MAE,MAPE,R2,Adjusted_R2,Time
GeneralizedLinearRegression,default_norm,single_split,all_features,"[25, 0]",3160.659705078675,9989769.771308018,3084.6158252091577,0.11580076734673408,-23.322588057215146,-23.355334725753973,0.5829107761383057
GeneralizedLinearRegression,tuned,single_split,least_rel_features,"[5, 0.2, 'gaussian', 'log']",12502.901072304663,156322535.2238371,12037.69996103703,0.4531769708691405,-379.60623171008825,-380.1186601607245,0.6371541023254395
