Model,Type,Splitting,Features,Parameters,RMSE,MSE,MAE,MAPE,R2,Adjusted_R2,Time,Dataset
GeneralizedLinearRegression,default,single_split,all_features,"[25, 0]",3.302319558482082,10.905314466333293,2.795275563509673,0.00010510246724961434,0.9999734482898534,0.9999734125420107,1.9211928844451904,
GeneralizedLinearRegression,default,single_split,most_rel_features,"[25, 0]",6.209473977760641,38.557567080486564,4.7337438607942195,0.000177293854427544,0.9999061219785784,0.9999059955860892,0.44093942642211914,
GeneralizedLinearRegression,default,single_split,least_rel_features,"[25, 0]",2993.399964893238,8960443.34982284,2536.922543733052,0.09579562587395668,-20.8164359536804,-20.845808469269336,0.49191761016845703,
GeneralizedLinearRegression,default_norm,single_split,all_features,"[25, 0]",3160.659705078675,9989769.771308018,3084.6158252091577,0.11580076734673408,-23.322588057215146,-23.355334725753973,0.5104923248291016,
GeneralizedLinearRegression,default_norm,single_split,most_rel_features,"[25, 0]",13821.934212062306,191045865.36257845,13626.106853355706,0.5114166519026687,-464.14884623209497,-464.7750984653257,0.35857105255126953,
GeneralizedLinearRegression,default_norm,single_split,least_rel_features,"[25, 0]",15285.715571307532,233653100.52691352,14810.715226760445,0.5573920923853526,-567.8867954424422,-568.6527150593287,0.41213107109069824,
GeneralizedLinearRegression,cross_val,walk_forward_splits,all_features,"[5, 0.2, 'gaussian', 'log']",907.0988687210713,1046679.009314682,790.2901583245816,0.030341574943228755,0.5232779841070653,0.5228962247349788,0.3303460836410522,
GeneralizedLinearRegression,tuned,single_split,all_features,"[5, 0.2, 'gaussian', 'log']",747.6480050864595,558977.5395097625,692.7523353046402,0.025864608608569463,-0.36097034646189696,-0.3628026862080591,0.41883111000061035,
GeneralizedLinearRegression,final,whole_train_valid,all_features,"[5, 0.2, 'gaussian', 'log']",613.625322756509,376536.03672802995,481.6176711342623,0.015705827651720093,0.9977353714835064,0.9977352422146649,0.5382835865020752,train
