Model,Type,Splitting,Features,Parameters,RMSE,MSE,MAE,MAPE,R2,Adjusted_R2,Time
GeneralizedLinearRegression,default,single_split,all_features,"[25, 0]",3.302319558482082,10.905314466333293,2.795275563509673,0.00010510246724961434,0.9999734482898534,0.9999734125420107,3.5509796142578125
GeneralizedLinearRegression,default,single_split,most_rel_features,"[25, 0]",6.209473977760641,38.557567080486564,4.7337438607942195,0.000177293854427544,0.9999061219785784,0.9999059955860892,1.4761757850646973
GeneralizedLinearRegression,default,single_split,least_rel_features,"[25, 0]",2993.399964893238,8960443.34982284,2536.922543733052,0.09579562587395668,-20.8164359536804,-20.845808469269336,1.3399567604064941
GeneralizedLinearRegression,default_norm,single_split,all_features,"[25, 0]",3160.659705078675,9989769.771308018,3084.6158252091577,0.11580076734673408,-23.322588057215146,-23.355334725753973,1.561666488647461
GeneralizedLinearRegression,default_norm,single_split,most_rel_features,"[25, 0]",13821.934212062306,191045865.36257845,13626.106853355706,0.5114166519026687,-464.14884623209497,-464.7750984653257,0.9119796752929688
GeneralizedLinearRegression,default_norm,single_split,least_rel_features,"[25, 0]",15285.715571307532,233653100.52691352,14810.715226760445,0.5573920923853526,-567.8867954424422,-568.6527150593287,0.8699429035186768
GeneralizedLinearRegression,cross_val,walk_forward_splits,most_rel_features,"[5, 0, 'gaussian', 'log']",5344.204946423515,32364520.022979695,4692.724547450545,0.19955339442260525,-15.95228360640659,-15.965859008694002,0.38957717418670657
GeneralizedLinearRegression,final_validated,single_split,most_rel_features,"[5, 0, 'gaussian', 'log']",13821.934212062306,191045865.36257845,13626.106853355706,0.5114166519026687,-464.14884623209497,-464.7750984653257,0.5256502628326416
GeneralizedLinearRegression,final_trained,whole_train_valid,most_rel_features,"[5, 0, 'gaussian', 'log']",8661.78990653197,75026604.38489912,6993.443888207351,0.2256346457793219,0.5487619478279929,0.5487361903936914,0.6629543304443359
