Model,Type,Dataset,Splitting,Features,Parameters,RMSE,MSE,MAE,MAPE,R2,Adjusted_R2,Time
GeneralizedLinearRegression,default,valid,single_split,all_features,"[25, 0]",3.302319558482082,10.905314466333293,2.795275563509673,0.00010510246724961434,0.9999734482898534,0.9999734125420107,1.5700223445892334
GeneralizedLinearRegression,default,valid,single_split,most_rel_features,"[25, 0]",6.209473977760641,38.557567080486564,4.7337438607942195,0.000177293854427544,0.9999061219785784,0.9999059955860892,0.4640011787414551
GeneralizedLinearRegression,default,valid,single_split,least_rel_features,"[25, 0]",2993.399964893238,8960443.34982284,2536.922543733052,0.09579562587395668,-20.8164359536804,-20.845808469269336,0.46979641914367676
GeneralizedLinearRegression,default_norm,valid,single_split,all_features_norm,"[25, 0]",3160.659705078675,9989769.771308018,3084.6158252091577,0.11580076734673408,-23.322588057215146,-23.355334725753973,0.6449193954467773
GeneralizedLinearRegression,default_norm,valid,single_split,most_rel_features_norm,"[25, 0]",13821.934212062306,191045865.36257845,13626.106853355706,0.5114166519026687,-464.14884623209497,-464.7750984653257,0.3737306594848633
GeneralizedLinearRegression,default_norm,valid,single_split,least_rel_features_norm,"[25, 0]",15285.715571307532,233653100.52691352,14810.715226760445,0.5573920923853526,-567.8867954424422,-568.6527150593287,0.3991684913635254
GeneralizedLinearRegression,cross_val,valid,walk_forward_splits,least_rel_features,"[5, 0.2, 'gaussian', 'log']",8465.674165104052,94189343.11044736,7310.656299182575,0.27282784024164003,-40.20386997887377,-40.236866070948956,0.2626394748687744
GeneralizedLinearRegression,tuned,valid,single_split,least_rel_features,"[5, 0.2, 'gaussian', 'log']",6641.173134087253,44105180.59692231,6189.630057350263,0.23323138046155706,-106.38507126852015,-106.52964894777766,0.31973814964294434
GeneralizedLinearRegression,final,train,whole_train_valid,least_rel_features,"[5, 0.2, 'gaussian', 'log']",3539.5417411838575,12528355.737582855,2576.951113101813,0.0765312455765442,0.9246497840826883,0.9246454829644054,0.45029330253601074
