Model,Type,Dataset,Splitting,Features,Parameters,RMSE,MSE,MAE,MAPE,R2,Adjusted_R2,Time
GradientBoostingTreeRegressor,default,valid,single_split,base_features,"[20, 5, 0.1, 42]",223.90374804983563,50132.88839076427,193.85974699613422,0.006565830865429459,0.7070610508569612,0.7066666530795893,7.611213684082031
GradientBoostingTreeRegressor,default,valid,single_split,base_and_most_corr_features,"[20, 5, 0.1, 42]",255.94856707928332,65509.6689899384,221.84186520546896,0.007486153865681776,0.6172106932471059,0.6166953256176844,6.188847064971924
GradientBoostingTreeRegressor,default,valid,single_split,base_and_least_corr_features,"[20, 5, 0.1, 42]",201.1277857204556,40452.3861888135,176.24697056934568,0.005959653486125139,0.7636266355109418,0.7633083946970891,6.322843313217163
GradientBoostingTreeRegressor,default_norm,valid,single_split,base_features_norm,"[20, 5, 0.1, 42]",332.4147931346839,110499.59469477471,280.71422155945675,0.00950435013877172,0.3543233555922084,0.3534540501133693,5.6183226108551025
GradientBoostingTreeRegressor,default_norm,valid,single_split,base_and_most_corr_features_norm,"[20, 5, 0.1, 42]",282.3342439710825,79712.62531872274,242.474318881264,0.008212635064380958,0.5342192831123361,0.5335921801612925,5.194324970245361
GradientBoostingTreeRegressor,default_norm,valid,single_split,base_and_least_corr_features_norm,"[20, 5, 0.1, 42]",1921.940098661471,3693853.7428428647,1850.084225325695,0.06240364620341301,-20.584107129080042,-20.61316684921344,5.772042512893677
GradientBoostingTreeRegressor,cross_val,valid,walk_forward_splits,base_and_least_corr_features,"[3, 5, 0.3, 42]",1731.679602597337,8592208.54039857,1428.7083110675612,0.05686199280272427,0.12929319061015407,0.12859592789993196,0.871567964553833
GradientBoostingTreeRegressor,tuned,valid,single_split,base_and_least_corr_features,"[3, 5, 0.3, 42]",181.87169504250798,33077.31345763502,151.6315946784286,0.005134057375325383,0.806721021752667,0.8064608009808766,1.1595449447631836
GradientBoostingTreeRegressor,final,train,whole_train_valid,base_and_least_corr_features,"[3, 5, 0.3, 42]",479.1568674791871,229591.3036524673,309.50928819072095,0.009205174806327264,0.998606050185114,0.9986059706160914,1.6292166709899902
