Model,Type,Dataset,Splitting,Features,Parameters,RMSE,MSE,MAE,MAPE,R2,Adjusted_R2,Time
GradientBoostingTreeRegressor,default,valid,single_split,base_and_least_corr_features,"[20, 5, 0.1, 42]",201.1277857204556,40452.3861888135,176.24697056934568,0.005959653486125139,0.7636266355109418,0.7633083946970891,5.756962776184082
GradientBoostingTreeRegressor,tuned,valid,single_split,base_and_least_corr_features,"[3, 5, 0.3, 42]",181.87169504250798,33077.31345763502,151.6315946784286,0.005134057375325383,0.806721021752667,0.8064608009808766,1.3097667694091797
