Model,Type,Dataset,Splitting,Features,Parameters,RMSE,MSE,MAE,MAPE,R2,Adjusted_R2,Time
GradientBoostingTreeRegressor,default,valid,single_split,all_features,"[20, 5, 0.1, 42]",774.9165828836657,600495.710428097,608.616844890248,0.02318708190097023,-0.4620566969237534,-0.4640251340788173,9.787042617797852
GradientBoostingTreeRegressor,default,valid,single_split,most_rel_features,"[20, 5, 0.1, 42]",441.8475133811919,195229.22508114256,349.6706035350972,0.013226244455615065,0.5246657203235805,0.5240257549520875,5.980169296264648
GradientBoostingTreeRegressor,default,valid,single_split,least_rel_features,"[20, 5, 0.1, 42]",1518.8898332465185,2307026.3255396364,1110.702788057411,0.04230322857804296,-4.617031446952368,-4.624593926180847,6.393243312835693
GradientBoostingTreeRegressor,default_norm,valid,single_split,all_features_norm,"[20, 5, 0.1, 42]",6048.787724443222,36587832.93537501,5208.837797800393,0.1965489737444435,-88.08221197942726,-88.20214764011986,6.803077697753906
GradientBoostingTreeRegressor,default_norm,valid,single_split,most_rel_features_norm,"[20, 5, 0.1, 42]",17678.09650791213,312515096.1430551,15701.066128842973,0.5927214189667723,-759.8960085326621,-760.9204393755199,5.76995849609375
GradientBoostingTreeRegressor,default_norm,valid,single_split,least_rel_features_norm,"[20, 5, 0.1, 42]",1568.5640153201775,2460393.070157358,1378.5398234507986,0.05228201255897549,-4.990441068636226,-4.998506287173603,5.6642560958862305
GradientBoostingTreeRegressor,cross_val,valid,walk_forward_splits,least_rel_features_norm,"[5, 3, 0.3, 42]",7263.7035176962645,77567490.19558528,6678.1807727237565,0.2827329061602446,-26.682948420357626,-26.70511694762118,0.8708464860916137
GradientBoostingTreeRegressor,tuned,valid,single_split,least_rel_features_norm,"[5, 3, 0.3, 42]",1519.7891251718625,2309758.984990655,1349.447821364698,0.05121617369033393,-4.623684788485692,-4.631256225427443,1.101212978363037
GradientBoostingTreeRegressor,final,train,whole_train_valid,least_rel_features_norm,"[5, 3, 0.3, 42]",3292.5543230911253,10840913.970506059,2385.7594837122733,0.07962518367204542,0.9347986898258179,0.9347949680243096,1.780557632446289
