Model,Type,Splitting,Features,Parameters,RMSE,MSE,MAE,MAPE,R2,Adjusted_R2,Time,Dataset
GradientBoostingTreeRegressor,default,single_split,all_features,"[20, 5, 0.1, 42]",774.9165828836657,600495.710428097,608.616844890248,0.02318708190097023,-0.4620566969237534,-0.4640251340788173,7.461587190628052,
GradientBoostingTreeRegressor,default,single_split,most_rel_features,"[20, 5, 0.1, 42]",441.8475133811919,195229.22508114256,349.6706035350972,0.013226244455615065,0.5246657203235805,0.5240257549520875,5.056766510009766,
GradientBoostingTreeRegressor,default,single_split,least_rel_features,"[20, 5, 0.1, 42]",1518.8898332465185,2307026.3255396364,1110.702788057411,0.04230322857804296,-4.617031446952368,-4.624593926180847,5.079679012298584,
GradientBoostingTreeRegressor,default_norm,single_split,all_features,"[20, 5, 0.1, 42]",6048.787724443222,36587832.93537501,5208.837797800393,0.1965489737444435,-88.08221197942726,-88.20214764011986,5.230132341384888,
GradientBoostingTreeRegressor,default_norm,single_split,most_rel_features,"[20, 5, 0.1, 42]",17678.09650791213,312515096.1430551,15701.066128842973,0.5927214189667723,-759.8960085326621,-760.9204393755199,4.685706853866577,
GradientBoostingTreeRegressor,default_norm,single_split,least_rel_features,"[20, 5, 0.1, 42]",1568.5640153201775,2460393.070157358,1378.5398234507986,0.05228201255897549,-4.990441068636226,-4.998506287173603,4.768559455871582,
GradientBoostingTreeRegressor,cross_val,walk_forward_splits,all_features,"[10, 3, 0.3, 42]",3470.345867665668,20788250.674049206,3014.3207483829983,0.11052653296877077,-2.820839537506815,-2.8238992688681814,1.4691843509674072,
GradientBoostingTreeRegressor,tuned,single_split,least_rel_features,"[10, 3, 0.3, 42]",2472.010169972955,6110834.280449717,2314.8256803156905,0.08737436799243206,-13.87835138264914,-13.898382821737188,1.8176803588867188,
GradientBoostingTreeRegressor,final,whole_train_valid,all_features,"[10, 3, 0.3, 42]",1487.6404089446335,2213073.986324956,1082.165088469377,0.03486102603726977,0.9866897455497425,0.9866889857778153,2.711199998855591,train
