Model,Type,Splitting,Features,Parameters,RMSE,MSE,MAE,MAPE,R2,Adjusted_R2,Time
GradientBoostingTreeRegressor,default,single_split,most_rel_features,"[20, 5, 0.1, 42]",441.8475133811919,195229.22508114256,349.6706035350972,0.013226244455615065,0.5246657203235805,0.5240257549520875,6.194023132324219
GradientBoostingTreeRegressor,final_validated,single_split,most_rel_features,"[30, 5, 0.7, 42]",739.6997605011866,547155.7356855128,571.0280032599562,0.021764987771203333,-0.33218721420831065,-0.3339808018410382,5.941025733947754
