Model,Type,Dataset,Splitting,Features,Parameters,RMSE,MSE,MAE,MAPE,R2,Adjusted_R2,Time
GradientBoostingTreeRegressor,default_norm,valid,single_split,all_features,"[20, 5, 0.1, 42]",6048.787724443222,36587832.93537501,5208.837797800393,0.1965489737444435,-88.08221197942726,-88.20214764011986,5.393372058868408
GradientBoostingTreeRegressor,tuned,valid,single_split,all_features,"[10, 3, 0.3, 42]",3221.7900164927937,10379930.910372635,2861.755353477908,0.1077017794060755,-24.272532738488817,-24.306558363178805,2.060356616973877
