Model,Type,Dataset,Splitting,Features,Parameters,RMSE,MSE,MAE,MAPE,R2,Adjusted_R2,Time
GradientBoostingTreeRegressor,default,valid,single_split,all_features,"[20, 5, 0.1, 42]",774.9165828836657,600495.710428097,608.616844890248,0.02318708190097023,-0.4620566969237534,-0.4640251340788173,8.117488861083984
GradientBoostingTreeRegressor,default,valid,single_split,most_rel_features,"[20, 5, 0.1, 42]",441.8475133811919,195229.22508114256,349.6706035350972,0.013226244455615065,0.5246657203235805,0.5240257549520875,5.117857217788696
GradientBoostingTreeRegressor,default,valid,single_split,least_rel_features,"[20, 5, 0.1, 42]",1518.8898332465185,2307026.3255396364,1110.702788057411,0.04230322857804296,-4.617031446952368,-4.624593926180847,5.126130104064941
GradientBoostingTreeRegressor,default_norm,valid,single_split,all_features,"[20, 5, 0.1, 42]",6048.787724443222,36587832.93537501,5208.837797800393,0.1965489737444435,-88.08221197942726,-88.20214764011986,5.393372058868408
GradientBoostingTreeRegressor,default_norm,valid,single_split,most_rel_features,"[20, 5, 0.1, 42]",17678.09650791213,312515096.1430551,15701.066128842973,0.5927214189667723,-759.8960085326621,-760.9204393755199,4.650735378265381
GradientBoostingTreeRegressor,default_norm,valid,single_split,least_rel_features,"[20, 5, 0.1, 42]",1568.5640153201775,2460393.070157358,1378.5398234507986,0.05228201255897549,-4.990441068636226,-4.998506287173603,4.829311847686768
GradientBoostingTreeRegressor,cross_val,valid,walk_forward_splits,all_features,"[10, 3, 0.3, 42]",3470.345867665668,20788250.674049206,3014.3207483829983,0.11052653296877077,-2.820839537506815,-2.8238992688681814,1.4760277271270752
GradientBoostingTreeRegressor,tuned,valid,single_split,all_features,"[10, 3, 0.3, 42]",3221.7900164927937,10379930.910372635,2861.755353477908,0.1077017794060755,-24.272532738488817,-24.306558363178805,2.060356616973877
GradientBoostingTreeRegressor,final,train,whole_train_valid,all_features,"[10, 3, 0.3, 42]",1487.6404089446335,2213073.986324956,1082.165088469377,0.03486102603726977,0.9866897455497425,0.9866889857778153,2.785468816757202
