Model,Type,Splitting,Features,Parameters,RMSE,MSE,MAE,MAPE,R2,Adjusted_R2,Time
GradientBoostingTreeRegressor,default_norm,single_split,all_features,"[20, 5, 0.1, 42]",6048.787724443222,36587832.93537501,5208.837797800393,0.1965489737444435,-88.08221197942726,-88.20214764011986,5.230132341384888
GradientBoostingTreeRegressor,tuned,single_split,least_rel_features,"[10, 3, 0.3, 42]",2472.010169972955,6110834.280449717,2314.8256803156905,0.08737436799243206,-13.87835138264914,-13.898382821737188,1.8176803588867188
