Model,Type,Splitting,Features,Parameters,RMSE,MSE,MAE,MAPE,R2,Adjusted_R2,Time
LinearRegression,default,single_split,all_features,"[100, 0.0, 0.0]",3.302319558482082,10.905314466333293,2.795275563509673,0.00010510246724961434,0.9999734482898534,0.9999734125420107,1.9938678741455078
LinearRegression,default,single_split,most_rel_features,"[100, 0.0, 0.0]",6.209473977760641,38.557567080486564,4.7337438607942195,0.000177293854427544,0.9999061219785784,0.9999059955860892,0.5943422317504883
LinearRegression,default,single_split,least_rel_features,"[100, 0.0, 0.0]",2993.399964893238,8960443.34982284,2536.922543733052,0.09579562587395668,-20.8164359536804,-20.845808469269336,0.649503231048584
LinearRegression,default_norm,single_split,all_features,"[100, 0.0, 0.0]",3160.659705078675,9989769.771308018,3084.6158252091577,0.11580076734673408,-23.322588057215146,-23.355334725753973,0.6086840629577637
LinearRegression,default_norm,single_split,most_rel_features,"[100, 0.0, 0.0]",13821.934212062306,191045865.36257845,13626.106853355706,0.5114166519026687,-464.14884623209497,-464.7750984653257,0.48953962326049805
LinearRegression,default_norm,single_split,least_rel_features,"[100, 0.0, 0.0]",15285.715571307532,233653100.52691352,14810.715226760445,0.5573920923853526,-567.8867954424422,-568.6527150593287,0.518303632736206
LinearRegression,cross_val,walk_forward_splits,most_rel_features,"[50, 0.8, 0.8]",5352.914199277963,34361673.73997441,4793.207025404894,0.19715005450666273,-13.200124712544072,-13.211496183785348,0.2647927045822144
LinearRegression,final_validated,single_split,most_rel_features,"[50, 0.8, 0.8]",13428.545149062636,180325824.82041368,13233.172607884957,0.49662993023930413,-438.0482317001568,-438.63934342240543,0.3535735607147217
LinearRegression,final_trained,whole_train_valid,most_rel_features,"[50, 0.8, 0.8]",8677.786850153228,75303984.61669229,7072.054195234487,0.22833292577690342,0.5470936793979937,0.547067826736097,0.44600439071655273
