Model,Type,Dataset,Splitting,Features,Parameters,RMSE,MSE,MAE,MAPE,R2,Adjusted_R2,Time
LinearRegression,default,valid,single_split,all_features,"[100, 0.0, 0.0]",3.302319558482082,10.905314466333293,2.795275563509673,0.00010510246724961434,0.9999734482898534,0.9999734125420107,1.9134364128112793
LinearRegression,default,valid,single_split,most_rel_features,"[100, 0.0, 0.0]",6.209473977760641,38.557567080486564,4.7337438607942195,0.000177293854427544,0.9999061219785784,0.9999059955860892,0.6238470077514648
LinearRegression,default,valid,single_split,least_rel_features,"[100, 0.0, 0.0]",2993.399964893238,8960443.34982284,2536.922543733052,0.09579562587395668,-20.8164359536804,-20.845808469269336,0.5368838310241699
LinearRegression,default_norm,valid,single_split,all_features_norm,"[100, 0.0, 0.0]",3160.659705078675,9989769.771308018,3084.6158252091577,0.11580076734673408,-23.322588057215146,-23.355334725753973,0.5897023677825928
LinearRegression,default_norm,valid,single_split,most_rel_features_norm,"[100, 0.0, 0.0]",13821.934212062306,191045865.36257845,13626.106853355706,0.5114166519026687,-464.14884623209497,-464.7750984653257,0.45206594467163086
LinearRegression,default_norm,valid,single_split,least_rel_features_norm,"[100, 0.0, 0.0]",15285.715571307532,233653100.52691352,14810.715226760445,0.5573920923853526,-567.8867954424422,-568.6527150593287,0.4535849094390869
LinearRegression,cross_val,valid,walk_forward_splits,least_rel_features,"[10, 0.6, 0.2]",6678.494528367308,57351135.382699504,6128.633215077642,0.23825200376147393,-23.496746630234487,-23.516363644552992,0.30084404945373533
LinearRegression,tuned,valid,single_split,least_rel_features,"[10, 0.6, 0.2]",6460.0055985955305,41731672.333885595,5429.796555206666,0.20427565243690093,-100.60617295015788,-100.74297022104332,0.46950674057006836
LinearRegression,final,train,whole_train_valid,least_rel_features,"[10, 0.6, 0.2]",5828.588831677187,33972447.76875204,4446.834078855792,0.14387062801176748,0.7956769963885987,0.7956653332845752,0.6564846038818359
