Model,Type,Splitting,Features,Parameters,RMSE,MSE,MAE,MAPE,R2,Adjusted_R2,Time
LinearRegression,default_norm,single_split,all_features,"[100, 0.0, 0.0]",3160.659705078675,9989769.771308018,3084.6158252091577,0.11580076734673408,-23.322588057215146,-23.355334725753973,0.5301022529602051
LinearRegression,tuned,single_split,least_rel_features,"[5, 0.0, 0.0]",15285.715571307532,233653100.52691352,14810.715226760445,0.5573920923853526,-567.8867954424422,-568.6527150593287,0.35497069358825684
