Model,Type,Splitting,Features,Parameters,RMSE,MSE,MAE,MAPE,R2,Adjusted_R2,Time,Dataset
LinearRegression,default,single_split,all_features,"[100, 0.0, 0.0]",3.302319558482082,10.905314466333293,2.795275563509673,0.00010510246724961434,0.9999734482898534,0.9999734125420107,1.9680426120758057,
LinearRegression,default,single_split,most_rel_features,"[100, 0.0, 0.0]",6.209473977760641,38.557567080486564,4.7337438607942195,0.000177293854427544,0.9999061219785784,0.9999059955860892,0.5075218677520752,
LinearRegression,default,single_split,least_rel_features,"[100, 0.0, 0.0]",2993.399964893238,8960443.34982284,2536.922543733052,0.09579562587395668,-20.8164359536804,-20.845808469269336,0.511704683303833,
LinearRegression,default_norm,single_split,all_features,"[100, 0.0, 0.0]",3160.659705078675,9989769.771308018,3084.6158252091577,0.11580076734673408,-23.322588057215146,-23.355334725753973,0.5301022529602051,
LinearRegression,default_norm,single_split,most_rel_features,"[100, 0.0, 0.0]",13821.934212062306,191045865.36257845,13626.106853355706,0.5114166519026687,-464.14884623209497,-464.7750984653257,0.4358534812927246,
LinearRegression,default_norm,single_split,least_rel_features,"[100, 0.0, 0.0]",15285.715571307532,233653100.52691352,14810.715226760445,0.5573920923853526,-567.8867954424422,-568.6527150593287,0.4780092239379883,
LinearRegression,cross_val,walk_forward_splits,all_features,"[5, 0.0, 0.0]",1152.5726441193267,1731967.104073658,976.4054627675647,0.03726954056135484,0.23104245959450473,0.2304266777803662,0.3633004665374756,
LinearRegression,tuned,single_split,least_rel_features,"[5, 0.0, 0.0]",15285.715571307532,233653100.52691352,14810.715226760445,0.5573920923853526,-567.8867954424422,-568.6527150593287,0.35497069358825684,
LinearRegression,final,whole_train_valid,all_features,"[5, 0.0, 0.0]",584.8683499009996,342070.9867159181,446.8082223291133,0.014282006474840023,0.9979426571811997,0.9979425397445778,1.080643892288208,train
