Model,Type,Dataset,Splitting,Features,Parameters,RMSE,MSE,MAE,MAPE,R2,Adjusted_R2,Time
LinearRegression,default,valid,single_split,least_rel_features,"[100, 0.0, 0.0]",2993.399964893238,8960443.34982284,2536.922543733052,0.09579562587395668,-20.8164359536804,-20.845808469269336,0.5368838310241699
LinearRegression,tuned,valid,single_split,least_rel_features,"[10, 0.6, 0.2]",6460.0055985955305,41731672.333885595,5429.796555206666,0.20427565243690093,-100.60617295015788,-100.74297022104332,0.46950674057006836
