Model,Type,Dataset,Splitting,Features,Parameters,RMSE,MSE,MAE,MAPE,R2,Adjusted_R2,Time
RandomForestRegressor,default,valid,single_split,all_features,"[20, 5, 42]",1451.7311339635737,2107523.2853191635,1294.0677533475646,0.04908319824305851,-4.131291497531168,-4.138200001735182,3.3670709133148193
RandomForestRegressor,default,valid,single_split,most_rel_features,"[20, 5, 42]",816.6512808987077,666919.3145935,660.1500594874742,0.02517845319861984,-0.6237815412771057,-0.6259677163579231,1.7147645950317383
RandomForestRegressor,default,valid,single_split,least_rel_features,"[20, 5, 42]",1117.4177925113086,1248622.5230208456,860.0998003484332,0.03278579640970665,-2.04008320127884,-2.0441762113108544,1.5300374031066895
RandomForestRegressor,default_norm,valid,single_split,all_features_norm,"[20, 5, 42]",2621.3470089527486,6871460.141345521,2329.2325662808003,0.08777974204093623,-15.730284901013988,-15.75280968714797,1.6950387954711914
RandomForestRegressor,default_norm,valid,single_split,most_rel_features_norm,"[20, 5, 42]",12707.49212391784,161480356.07943395,11721.553943987894,0.4417164103352765,-392.1642340280104,-392.6935699203403,1.412029504776001
RandomForestRegressor,default_norm,valid,single_split,least_rel_features_norm,"[20, 5, 42]",1139.0933493353616,1297533.658500052,980.0289222833304,0.03727679377523674,-2.159169569323898,-2.163422911053045,1.496035099029541
RandomForestRegressor,cross_val,valid,walk_forward_splits,least_rel_features_norm,"[5, 5, 42]",7165.943494286212,77738585.85181327,6626.23015298935,0.2778008705853332,-28.264537741305027,-28.287972806563335,0.5695396900177002
RandomForestRegressor,tuned,valid,single_split,least_rel_features_norm,"[5, 5, 42]",1341.514188816515,1799660.3187960319,1191.651738620084,0.04526589602875237,-3.3817222597774643,-3.3876215829141554,0.7975196838378906
RandomForestRegressor,final,train,whole_train_valid,least_rel_features_norm,"[5, 5, 42]",3165.281970463213,10019009.952539481,2237.685820497192,0.07285968069877559,0.9397419279102305,0.9397384882771465,1.0771536827087402
