Model,Type,Splitting,Features,Parameters,RMSE,MSE,MAE,MAPE,R2,Adjusted_R2,Time
RandomForestRegressor,default_norm,single_split,all_features,"[20, 5, 42]",2621.3470089527486,6871460.141345521,2329.2325662808003,0.08777974204093623,-15.730284901013988,-15.75280968714797,1.8661930561065674
RandomForestRegressor,tuned,single_split,all_features,"[20, 10, 42]",2661.3642828672982,7082859.8461217685,2340.4447656592433,0.08819218369474914,-16.244990249825676,-16.268208008492557,4.277209997177124
