Model,Type,Splitting,Features,Parameters,RMSE,MSE,MAE,MAPE,R2,Adjusted_R2,Time,Dataset
RandomForestRegressor,default,single_split,all_features,"[20, 5, 42]",1451.7311339635737,2107523.2853191635,1294.0677533475646,0.04908319824305851,-4.131291497531168,-4.138200001735182,3.631077527999878,
RandomForestRegressor,default,single_split,most_rel_features,"[20, 5, 42]",816.6512808987077,666919.3145935,660.1500594874742,0.02517845319861984,-0.6237815412771057,-0.6259677163579231,1.7010109424591064,
RandomForestRegressor,default,single_split,least_rel_features,"[20, 5, 42]",1117.4177925113086,1248622.5230208456,860.0998003484332,0.03278579640970665,-2.04008320127884,-2.0441762113108544,1.818112850189209,
RandomForestRegressor,default_norm,single_split,all_features,"[20, 5, 42]",2621.3470089527486,6871460.141345521,2329.2325662808003,0.08777974204093623,-15.730284901013988,-15.75280968714797,1.8661930561065674,
RandomForestRegressor,default_norm,single_split,most_rel_features,"[20, 5, 42]",12707.49212391784,161480356.07943395,11721.553943987894,0.4417164103352765,-392.1642340280104,-392.6935699203403,1.534837245941162,
RandomForestRegressor,default_norm,single_split,least_rel_features,"[20, 5, 42]",1139.0933493353616,1297533.658500052,980.0289222833304,0.03727679377523674,-2.159169569323898,-2.163422911053045,1.7638821601867676,
RandomForestRegressor,cross_val,walk_forward_splits,all_features,"[20, 10, 42]",3121.3751787538663,18484776.12874977,2734.2825169522157,0.10023401093028524,-2.0537935477597573,-2.0562390280782834,2.744182848930359,
RandomForestRegressor,tuned,single_split,all_features,"[20, 10, 42]",2661.3642828672982,7082859.8461217685,2340.4447656592433,0.08819218369474914,-16.244990249825676,-16.268208008492557,4.277209997177124,
RandomForestRegressor,final,whole_train_valid,all_features,"[20, 10, 42]",277.7474410880412,77143.64103095492,179.35230075869384,0.0055530378129242395,0.9995360292978517,0.9995360028136161,4.639793395996094,train
