Model,Type,Splitting,Features,Parameters,RMSE,MSE,MAE,MAPE,R2,Adjusted_R2,Time
RandomForestRegressor,default,single_split,most_rel_features,"[20, 5, 42]",816.6512808987077,666919.3145935,660.1500594874742,0.02517845319861984,-0.6237815412771057,-0.6259677163579231,2.159156560897827
RandomForestRegressor,final_validated,single_split,most_rel_features,"[30, 10, 42]",467.62074407006,218669.16028463657,363.3494931316385,0.013752112255007682,0.4675953472225045,0.46687854526656036,5.0835676193237305
