Model,Type,Splitting,Features,Parameters,RMSE,MSE,MAE,MAPE,R2,Adjusted_R2,Time
RandomForestRegressor,default,single_split,all_features,"[20, 5, 42]",1451.7311339635737,2107523.2853191635,1294.0677533475646,0.04908319824305851,-4.131291497531168,-4.138200001735182,5.538689374923706
RandomForestRegressor,default,single_split,most_rel_features,"[20, 5, 42]",816.6512808987077,666919.3145935,660.1500594874742,0.02517845319861984,-0.6237815412771057,-0.6259677163579231,2.465369939804077
RandomForestRegressor,default,single_split,least_rel_features,"[20, 5, 42]",1117.4177925113086,1248622.5230208456,860.0998003484332,0.03278579640970665,-2.04008320127884,-2.0441762113108544,2.7231712341308594
RandomForestRegressor,default_norm,single_split,all_features,"[20, 5, 42]",2621.3470089527486,6871460.141345521,2329.2325662808003,0.08777974204093623,-15.730284901013988,-15.75280968714797,3.0867578983306885
RandomForestRegressor,default_norm,single_split,most_rel_features,"[20, 5, 42]",12707.49212391784,161480356.07943395,11721.553943987894,0.4417164103352765,-392.1642340280104,-392.6935699203403,2.1122939586639404
RandomForestRegressor,default_norm,single_split,least_rel_features,"[20, 5, 42]",1139.0933493353616,1297533.658500052,980.0289222833304,0.03727679377523674,-2.159169569323898,-2.163422911053045,2.503265380859375
RandomForestRegressor,cross_val,walk_forward_splits,most_rel_features,"[10, 10, 42]",5123.804057047067,31819344.44682627,4383.253497439065,0.1881099034765052,-14.661959485417816,-14.674501595115853,1.5099224328994751
RandomForestRegressor,final_validated,single_split,most_rel_features,"[10, 10, 42]",15503.263218861173,240351170.4332937,13762.193544667312,0.5197911950990557,-584.1949185364526,-584.9827945627555,2.566192865371704
RandomForestRegressor,final_trained,whole_train_valid,most_rel_features,"[10, 10, 42]",1524.6028552814012,2324413.8663322013,699.1637403366024,0.020969629327817464,0.9860201058799822,0.9860193078838855,2.643430471420288
