Model,Type,Dataset,Splitting,Features,Parameters,RMSE,MSE,MAE,MAPE,R2,Adjusted_R2,Time
RandomForestRegressor,default,valid,single_split,base_features,"[20, 5, 42]",295.7765781703913,87483.78419418559,257.1630209654334,0.00871798641350476,0.48881046691053376,0.48812222788920834,3.33962082862854
RandomForestRegressor,tuned,valid,single_split,base_features,"[5, 10, 42]",287.79085178416597,82823.5743706558,185.88330140471962,0.006263390972057337,0.5160412332260524,0.5153896562933376,1.4436755180358887
