Model,Type,Splitting,Features,Parameters,RMSE,MSE,MAE,MAPE,R2,Adjusted_R2,Time
RandomForestRegressor,default_norm,single_split,all_features,"[20, 5, 42]",2621.3470089527486,6871460.141345521,2329.2325662808003,0.08777974204093623,-15.730284901013988,-15.75280968714797,1.7059595584869385
RandomForestRegressor,tuned,single_split,least_rel_features,"[20, 10, 42]",1635.8922930515134,2676143.5944653386,1458.9607587111507,0.055376376240484956,-5.515739573607085,-5.524512026752298,4.009618043899536
