Model,Type,Splitting,Features,Parameters,RMSE,MSE,MAE,MAPE,R2,Adjusted_R2,Time
GeneralizedLinearRegression,default,block_splits,all_features,"[25, 0]",6.809575035500427,73.12666343101107,5.869281483213108,0.00029842449688393047,0.9998316292776208,0.9998314125842844,1.2431739568710327
GeneralizedLinearRegression,default,block_splits,most_corr_features,"[25, 0]",14.229947195303627,308.65101556611586,12.067334410335931,0.0005779207962638034,0.9989435022763381,0.9989421425624082,0.5696969747543335
GeneralizedLinearRegression,default,block_splits,least_corr_features,"[25, 0]",4789.200802730722,43450430.97268604,4468.833165284301,0.1614612937421812,-24.941527988371895,-24.974914768279707,0.4598073959350586
GeneralizedLinearRegression,default_norm,block_splits,all_features,"[25, 0]",1374.4060221561574,5618643.409816369,1137.3062854380198,0.032250277865644425,0.1367849342947261,0.13567397539420453,0.6707573175430298
GeneralizedLinearRegression,default_norm,block_splits,most_corr_features,"[25, 0]",1929.138195307749,8240399.495774193,1717.8259920495325,0.07528036052223402,-5.82859342151417,-5.837381830036069,0.6035781860351562
GeneralizedLinearRegression,default_norm,block_splits,least_corr_features,"[25, 0]",4640.7241443023195,42339428.80003408,4244.147916206346,0.17202417333022518,-35.47331316828826,-35.52025436927705,0.5365341424942016
GeneralizedLinearRegression,cross_val,block_splits,most_corr_features,"[5, 0.1, 'gaussian', 'log']",1344.5785274699074,3021852.2623439943,1139.853668082124,0.05401970087051953,-2.5513806049249537,-2.5559512363341232,0.23324837684631347
