Model,Type,Dataset,Splitting,Features,Parameters,RMSE,MSE,MAE,MAPE,R2,Adjusted_R2,Time
GeneralizedLinearRegression,default_norm,valid,block_splits,most_rel_features_norm,"[25, 0]",5808.0605287120325,60267105.192176744,5314.9592407354985,0.1468658797636047,-8.76483330541642,-8.772280270758968,0.36312384605407716
GeneralizedLinearRegression,cross_val,valid,block_splits,most_rel_features_norm,"[5, 0, 'gaussian', 'log']",5808.0605287120325,60267105.192176744,5314.9592407354985,0.1468658797636047,-8.76483330541642,-8.772280270758968,0.18423662185668946
