Model,Type,Splitting,Features,Parameters,RMSE,MSE,MAE,MAPE,R2,Adjusted_R2,Time
GradientBoostingTreeRegressor,default,block_splits,all_features,"[20, 5, 0.1, 42]",910.1523784303188,1786160.2049490574,667.4804080046413,0.022916010851320508,0.6872124637582389,0.6867349255349691,8.810756921768188
GradientBoostingTreeRegressor,default,block_splits,most_corr_features,"[20, 5, 0.1, 42]",688.7505409767671,818418.0920986165,504.42307386718903,0.019327441301866494,0.7462335657889405,0.7458461361183891,6.973686981201172
GradientBoostingTreeRegressor,default,block_splits,least_corr_features,"[20, 5, 0.1, 42]",3201.8909797815077,16626759.563516835,2717.0146916433628,0.09133692632915168,-3.7810227839626194,-3.7883220553885173,6.796188831329346
GradientBoostingTreeRegressor,default_norm,block_splits,all_features,"[20, 5, 0.1, 42]",2031.302120657713,7648482.496876279,1650.5392994603649,0.06046002860279994,-1.0234672637506006,-1.0265565267486931,6.9808858156204225
GradientBoostingTreeRegressor,default_norm,block_splits,most_corr_features,"[20, 5, 0.1, 42]",4073.995669730031,37074109.22851615,3432.0646091255585,0.09937077145123743,-3.028594743421988,-3.034745269747823,6.457875728607178
GradientBoostingTreeRegressor,default_norm,block_splits,least_corr_features,"[20, 5, 0.1, 42]",4187.087276396222,24178956.999138303,3580.3205073319673,0.14387978412061836,-22.94342237161925,-22.979977214934692,5.615718364715576
GradientBoostingTreeRegressor,cross_val,block_splits,most_corr_features,"[30, 3, 0.7, 42]",4132.024643185668,38767066.18647622,3491.4516482561717,0.10067691584855909,-3.171812076888886,-3.1781812556322278,4.350722002983093
