Model,Type,Dataset,Splitting,Features,Parameters,RMSE,MSE,MAE,MAPE,R2,Adjusted_R2,Time
GradientBoostingTreeRegressor,default,valid,block_splits,base_features,"[20, 5, 0.1, 42]",694.8413799767939,641161.2962466605,446.41513800868177,0.016936120740114156,0.763291505880494,0.7631108468504467,6.749225282669068
GradientBoostingTreeRegressor,default,valid,block_splits,base_and_most_corr_features,"[20, 5, 0.1, 42]",712.1910115449217,695179.6304594544,465.8764651263876,0.018070504475540376,0.7281040983978394,0.7278965838764868,5.717742872238159
GradientBoostingTreeRegressor,default,valid,block_splits,base_and_least_corr_features,"[20, 5, 0.1, 42]",707.8154048596075,687971.8083812671,471.6422179273657,0.01821217772466252,0.730298834676999,0.7300929952071855,5.886220932006836
GradientBoostingTreeRegressor,default_norm,valid,block_splits,base_features_norm,"[20, 5, 0.1, 42]",1187.2453001100607,2269741.3498702156,866.276414981128,0.027786074911090846,0.4756512749629914,0.4752510851327781,5.738643026351928
GradientBoostingTreeRegressor,default_norm,valid,block_splits,base_and_most_corr_features_norm,"[20, 5, 0.1, 42]",2090.162392336856,5879051.581927775,1316.2778982069626,0.04357027447201168,-2.372532123297394,-2.37510608408602,5.716651773452758
GradientBoostingTreeRegressor,default_norm,valid,block_splits,base_and_least_corr_features_norm,"[20, 5, 0.1, 42]",2907.098532181199,12973640.497280154,2538.3598797888926,0.07440509030458772,-2.0989007709402787,-2.1012658926887546,5.702293157577515
GradientBoostingTreeRegressor,cross_val,valid,block_splits,base_features,"[3, 5, 0.1, 42]",732.2821548111557,728794.3184766715,478.25707142097326,0.01800947771685061,0.735399875030307,0.7351979287414541,0.9731284618377686
