Model,Type,Dataset,Splitting,Features,Parameters,RMSE,MSE,MAE,MAPE,R2,Adjusted_R2,Time
GradientBoostingTreeRegressor,default,valid,block_splits,base_features,"[20, 5, 0.1, 42]",694.8413799767939,641161.2962466605,446.41513800868177,0.016936120740114156,0.763291505880494,0.7631108468504467,7.213501501083374
GradientBoostingTreeRegressor,cross_val,valid,block_splits,base_features,"[3, 5, 0.1, 42]",732.2821548111557,728794.3184766715,478.25707142097326,0.01800947771685061,0.735399875030307,0.7351979287414541,1.169636869430542
