Model,Type,Splitting,Features,Parameters,RMSE,MSE,MAE,MAPE,R2,Adjusted_R2,Time
GradientBoostingTreeRegressor,default,block_splits,all_features,"[20, 5, 0.1, 42]",2049.3114190597926,8751948.797342997,1622.438432196078,0.062331542270521845,-2.602827406541861,-2.607464250050924,9.550632572174072
GradientBoostingTreeRegressor,default,block_splits,most_corr_features,"[20, 5, 0.1, 42]",1878.7742948178068,8056405.286612925,1527.2586458608753,0.05948966452490993,-2.159320006550147,-2.1633860554646263,8.119374442100526
GradientBoostingTreeRegressor,default,block_splits,least_corr_features,"[20, 5, 0.1, 42]",2978.3671041655916,18380879.011342455,2640.8134073690453,0.09692886898712523,-5.2949538239980365,-5.303055437671135,7.767253565788269
GradientBoostingTreeRegressor,default_norm,block_splits,all_features,"[20, 5, 0.1, 42]",2821.9565607643035,14389887.57691614,2338.8444091455203,0.09482738830429618,-6.326118329226747,-6.335547052945185,7.862980437278748
GradientBoostingTreeRegressor,default_norm,block_splits,most_corr_features,"[20, 5, 0.1, 42]",2795.3159503435263,16747763.263676763,2410.264967627065,0.09148666802233167,-8.169550691427274,-8.181351914968364,7.159939169883728
GradientBoostingTreeRegressor,default_norm,block_splits,least_corr_features,"[20, 5, 0.1, 42]",5998.842610888822,72325538.96689695,5601.542198656902,0.23867856960182557,-61.49948251729588,-61.57991943173257,6.406548857688904
GradientBoostingTreeRegressor,cross_val,block_splits,most_corr_features,"[20, 3, 0.3, 42]",2572.484037091993,12342843.596250357,2183.427138464858,0.08611138228664804,-8.56485387907054,-8.577163858322884,3.21049644947052
