Model,Type,Splitting,Features,Parameters,RMSE,MSE,MAE,MAPE,R2,Adjusted_R2,Time
GradientBoostingTreeRegressor,default_norm,block_splits,all_features,"[20, 5, 0.1, 42]",4551.614569838636,42071710.22400088,3765.261928042496,0.08976886215417892,-0.9461779996765631,-0.9476622155009113,7.9249536991119385
GradientBoostingTreeRegressor,cross_val,block_splits,all_features,"[5, 10, 0.5, 42]",4691.42280409798,46768712.93772292,3946.234382686632,0.09383500697777657,-1.1048133245745477,-1.1064185206276076,3.730779695510864
