Model,Type,Splitting,Features,Parameters,RMSE,MSE,MAE,MAPE,R2,Adjusted_R2,Time
LinearRegression,default_norm,block_splits,all_features,"[100, 0.0, 0.0]",2072.0235937584825,7790524.880891189,1732.276249020977,0.04826524746835241,0.3123669864061692,0.3118425761002825,0.8986340999603272
LinearRegression,cross_val,block_splits,all_features,"[80, 0.2, 0.2]",1427.6995080824338,3315924.6534524513,1267.7527963531043,0.03542821638805777,0.500186517768444,0.4998053444740824,0.47103004455566405
