Model,Type,Splitting,Features,Parameters,RMSE,MSE,MAE,MAPE,R2,Adjusted_R2,Time
LinearRegression,default,block_splits,all_features,"[100, 0.0, 0.0]",15.478208178547263,1381.2700550522268,14.17305370358728,0.00033447211353980586,0.9999159144456335,0.9999157860707413,1.34492027759552
LinearRegression,default,block_splits,most_corr_features,"[100, 0.0, 0.0]",13.92415596136367,329.5562234049258,11.387835753442872,0.00038017338065661325,0.9998547501279551,0.9998545283724252,0.5368764400482178
LinearRegression,default,block_splits,least_corr_features,"[100, 0.0, 0.0]",5702.856652330096,61845610.06504433,5026.79277260803,0.1727613750556462,-29.103816113617523,-29.149776138218463,0.6127196788787842
LinearRegression,default_norm,block_splits,all_features,"[100, 0.0, 0.0]",719.6759996909788,1768375.454708634,573.2271055619253,0.01763737132135902,0.8182449105148525,0.8179674218286156,0.6414474487304688
LinearRegression,default_norm,block_splits,most_corr_features,"[100, 0.0, 0.0]",2066.7447375823913,9685546.556657549,1812.620184380196,0.06088990808077973,-0.3063426301276723,-0.308337046356875,0.5076476335525513
LinearRegression,default_norm,block_splits,least_corr_features,"[100, 0.0, 0.0]",6102.877186316852,61646291.33680954,5406.096495248363,0.1836901090207479,-22.899518306218617,-22.936006120426587,0.5875158786773682
LinearRegression,cross_val,block_splits,most_corr_features,"[5, 0.0, 0.0]",2047.879646647855,9665340.518935192,1796.7208849072244,0.05917692491036323,-0.2071121578178124,-0.2089550771427251,0.24488613605499268
