Model,Type,Splitting,Features,Parameters,RMSE,MSE,MAE,MAPE,R2,Adjusted_R2,Time
LinearRegression,default,block_splits,all_features,"[100, 0.0, 0.0]",17.95715088649876,406.86945736296605,14.931154646563737,0.0005703900014240035,0.9998424851274279,0.9998423650016909,1.3218377590179444
LinearRegression,default,block_splits,most_rel_features,"[100, 0.0, 0.0]",10.66215433405679,154.96623014445697,8.33149782098798,0.0002515262153938944,0.9999754092666372,0.9999753905129797,0.6840012073516846
LinearRegression,default,block_splits,least_rel_features,"[100, 0.0, 0.0]",17781.16237788932,565567392.9839853,15333.291889530836,0.48318215376591356,-117.95170349584396,-118.04241976161772,0.9774160385131836
LinearRegression,default_norm,block_splits,all_features,"[100, 0.0, 0.0]",2072.0235937584825,7790524.880891189,1732.276249020977,0.04826524746835241,0.3123669864061692,0.3118425761002825,1.1398885250091553
LinearRegression,default_norm,block_splits,most_rel_features,"[100, 0.0, 0.0]",5808.0605287120325,60267105.192176744,5314.9592407354985,0.1468658797636047,-8.76483330541642,-8.772280270758968,0.7260539054870605
LinearRegression,default_norm,block_splits,least_rel_features,"[100, 0.0, 0.0]",13603.989444601984,336495347.46034485,12057.571091675629,0.34109243455957117,-46.188761097391634,-46.22474871309984,1.0856833934783936
LinearRegression,cross_val,block_splits,most_rel_features,"[10, 0.2, 0.8]",6945.835141692136,102333683.59520614,6586.443461252296,0.16282878236090054,-2.722984234015594,-2.7258234974924402,0.30450925827026365
