Model,Type,Dataset,Splitting,Features,Parameters,RMSE,MSE,MAE,MAPE,R2,Adjusted_R2,Time
LinearRegression,default,valid,block_splits,base_features,"[100, 0.0, 0.0]",8.213317131621425,105.15203774193613,5.9355709289796925,0.00017038586940876476,0.9999791802718103,0.9999791643819205,0.7957479000091553
LinearRegression,default,valid,block_splits,base_and_most_corr_features,"[100, 0.0, 0.0]",17.789026678910197,537.8121320556072,14.60377554900997,0.00047085321842610893,0.9999120229932696,0.9999119558480632,0.48131537437438965
LinearRegression,default,valid,block_splits,base_and_least_corr_features,"[100, 0.0, 0.0]",11.52298903162325,174.26712810216836,9.24379239870674,0.00030129401113022957,0.9999506786344889,0.9999506409917753,0.9525126934051513
LinearRegression,default_norm,valid,block_splits,base_features_norm,"[100, 0.0, 0.0]",3273.235120491692,24361965.054774124,2991.9871304934904,0.07415444455599049,-3.072816791243953,-3.075925218483979,0.5364067554473877
LinearRegression,default_norm,valid,block_splits,base_and_most_corr_features_norm,"[100, 0.0, 0.0]",2689.140797746266,10213315.01185232,2294.6014302940775,0.06885965389996836,-2.836522143982358,-2.839450228045691,0.47803668975830077
LinearRegression,default_norm,valid,block_splits,base_and_least_corr_features_norm,"[100, 0.0, 0.0]",2227.4122782474115,8171259.334528302,1870.345923348686,0.05248040839461847,-1.631054466222044,-1.6330625215292158,0.6215385913848877
LinearRegression,cross_val,valid,block_splits,base_and_least_corr_features_norm,"[5, 0.8, 0.0]",1032.7046129954717,1732494.8376053725,776.5576255953387,0.022808847439344786,0.5830058522865977,0.5826875968790699,0.5005631923675538
