Model,Type,Splitting,Features,Parameters,RMSE,MSE,MAE,MAPE,R2,Adjusted_R2,Time
LinearRegression,cross_val,block_splits,all_features,"[80, 0.2, 0.2]",1427.6995080824338,3315924.6534524513,1267.7527963531043,0.03542821638805777,0.500186517768444,0.4998053444740824,0.32039566040039064
LinearRegression,cross_val,block_splits,most_rel_features,"[80, 0.2, 0.2]",5523.011670521094,54199531.8375656,5061.3423110744425,0.13097968832087478,-2.9974721149743315,-3.000520711439517,0.355230712890625
LinearRegression,cross_val,block_splits,least_rel_features,"[80, 0.2, 0.2]",7563.368104201113,70157338.09197505,6916.425215540723,0.24240186978582656,-21.74553972240642,-21.762886177866783,0.450745964050293
LinearRegression,default_norm,block_splits,all_features,"[80, 0.2, 0.2]",1427.6995080824338,3315924.6534524513,1267.7527963531043,0.03542821638805777,0.500186517768444,0.4998053444740824,0.3127608299255371
LinearRegression,default_norm,block_splits,most_rel_features,"[80, 0.2, 0.2]",5523.011670521094,54199531.8375656,5061.3423110744425,0.13097968832087478,-2.9974721149743315,-3.000520711439517,0.2591578960418701
LinearRegression,default_norm,block_splits,least_rel_features,"[80, 0.2, 0.2]",7563.368104201113,70157338.09197505,6916.425215540723,0.24240186978582656,-21.74553972240642,-21.762886177866783,0.2823169708251953
LinearRegression,cross_val,block_splits,all_features,"[80, 0.2, 0.2]",1427.6995080824338,3315924.6534524513,1267.7527963531043,0.03542821638805777,0.500186517768444,0.4998053444740824,0.31856884956359866
