Model,Type,Splitting,Features,Parameters,RMSE,MSE,MAE,MAPE,R2,Adjusted_R2,Time
LinearRegression,default,block_splits,all_features,"[100, 0.0, 0.0]",6.809575035500427,73.12666343101107,5.869281483213108,0.00029842449688393047,0.9998316292776208,0.9998314125842844,1.3709328889846801
LinearRegression,default,block_splits,most_corr_features,"[100, 0.0, 0.0]",14.229947195303627,308.65101556611586,12.067334410335931,0.0005779207962638034,0.9989435022763381,0.9989421425624082,0.6597970008850098
LinearRegression,default,block_splits,least_corr_features,"[100, 0.0, 0.0]",4789.200802730722,43450430.97268604,4468.833165284301,0.1614612937421812,-24.941527988371895,-24.974914768279707,0.5731537103652954
LinearRegression,default_norm,block_splits,all_features,"[100, 0.0, 0.0]",1374.4060221561574,5618643.409816369,1137.3062854380198,0.032250277865644425,0.1367849342947261,0.13567397539420453,0.761035966873169
LinearRegression,default_norm,block_splits,most_corr_features,"[100, 0.0, 0.0]",1929.138195307749,8240399.495774193,1717.8259920495325,0.07528036052223402,-5.82859342151417,-5.837381830036069,0.7092643260955811
LinearRegression,default_norm,block_splits,least_corr_features,"[100, 0.0, 0.0]",4640.7241443023195,42339428.80003408,4244.147916206346,0.17202417333022518,-35.47331316828826,-35.52025436927705,0.6858245372772217
LinearRegression,cross_val,block_splits,most_corr_features,"[10, 0.2, 0.2]",2970.7320868236125,23717567.845806755,2800.0167744997057,0.09405060368601514,-5.328827124529473,-5.336972333183951,0.26851983070373536
