Model,Type,Splitting,Features,Parameters,RMSE,MSE,MAE,MAPE,R2,Adjusted_R2,Time
RandomForestRegressor,default,block_splits,all_features,"[20, 5, 42]",3979.2878477462427,37106337.256261975,3258.2726214550403,0.08141664996821976,-0.9139105098251443,-0.9153701174589483,2.0003259658813475
RandomForestRegressor,default,block_splits,most_rel_features,"[20, 5, 42]",3500.80103404535,36050023.2387154,2893.203318200637,0.06496087950503558,0.1651994614163254,0.1645628165823245,1.0174313068389893
RandomForestRegressor,default,block_splits,least_rel_features,"[20, 5, 42]",5916.477299414121,70808759.02998734,5139.15263517872,0.15243640622550664,-8.972933320725689,-8.98053898960708,1.150791883468628
RandomForestRegressor,default_norm,block_splits,all_features,"[20, 5, 42]",4482.52155693489,40988332.373080954,3910.5436273256187,0.0973952357120355,-0.8953075660881042,-0.8967529865388864,1.815278911590576
RandomForestRegressor,default_norm,block_splits,most_rel_features,"[20, 5, 42]",7198.885429222364,78939128.92808753,6637.372894726786,0.18407907618245245,-7.859321962972143,-7.866078357224171,1.4283968925476074
RandomForestRegressor,default_norm,block_splits,least_rel_features,"[20, 5, 42]",7948.756330112539,106432467.07120338,6935.698202861937,0.18612953016671518,-8.206343743163059,-8.21336478700913,1.7014024257659912
RandomForestRegressor,cross_val,block_splits,all_features,"[5, 10, 42]",4550.966201772354,41463498.49101332,3874.564315024668,0.09706558463008681,-0.9576129145831986,-0.95910585102902,2.0597987174987793
