Model,Type,Dataset,Splitting,Features,Parameters,RMSE,MSE,MAE,MAPE,R2,Adjusted_R2,Time
RandomForestRegressor,default,valid,block_splits,all_features,"[20, 5, 42]",3979.2878477462427,37106337.256261975,3258.2726214550403,0.08141664996821976,-0.9139105098251443,-0.9153701174589483,2.5800312519073487
RandomForestRegressor,default,valid,block_splits,most_rel_features,"[20, 5, 42]",3500.80103404535,36050023.2387154,2893.203318200637,0.06496087950503558,0.1651994614163254,0.1645628165823245,1.084616756439209
RandomForestRegressor,default,valid,block_splits,least_rel_features,"[20, 5, 42]",5916.477299414121,70808759.02998734,5139.15263517872,0.15243640622550664,-8.972933320725689,-8.98053898960708,1.2099064350128175
RandomForestRegressor,default_norm,valid,block_splits,all_features_norm,"[20, 5, 42]",4482.52155693489,40988332.373080954,3910.5436273256187,0.0973952357120355,-0.8953075660881042,-0.8967529865388864,1.4324283123016357
RandomForestRegressor,default_norm,valid,block_splits,most_rel_features_norm,"[20, 5, 42]",7198.885429222364,78939128.92808753,6637.372894726786,0.18407907618245245,-7.859321962972143,-7.866078357224171,1.339420747756958
RandomForestRegressor,default_norm,valid,block_splits,least_rel_features_norm,"[20, 5, 42]",7948.756330112539,106432467.07120338,6935.698202861937,0.18612953016671518,-8.206343743163059,-8.21336478700913,1.239970874786377
RandomForestRegressor,cross_val,valid,block_splits,most_rel_features,"[30, 10, 42]",3538.8912193397737,37107003.19339569,2940.628508547498,0.064250831959822,0.19231596094313635,0.19169999599437998,3.1520676136016847
