Model,Type,Dataset,Splitting,Features,Parameters,RMSE,MSE,MAE,MAPE,R2,Adjusted_R2,Time
RandomForestRegressor,default,valid,block_splits,base_and_least_corr_features,"[20, 5, 42]",1010.9726793179527,1087590.4757341943,684.6768979942432,0.025798194545630156,0.3662911331637942,0.3658074782377601,1.06040301322937
RandomForestRegressor,cross_val,valid,block_splits,base_and_least_corr_features,"[10, 10, 42]",1084.1418636240564,1276334.7923660765,727.9531395984442,0.026895877531921353,0.26565235098419426,0.2650918872184886,2.0259858131408692
