Model,Type,Splitting,Features,Parameters,RMSE,MSE,MAE,MAPE,R2,Adjusted_R2,Time
RandomForestRegressor,default,block_splits,most_rel_features,"[20, 5, 42]",3500.80103404535,36050023.2387154,2893.203318200637,0.06496087950503558,0.1651994614163254,0.1645628165823245,1.4801804542541503
RandomForestRegressor,cross_val,block_splits,most_rel_features,"[30, 10, 42]",3538.8912193397737,37107003.19339569,2940.628508547498,0.064250831959822,0.19231596094313635,0.19169999599437998,4.058354425430298
