Model,Type,Splitting,Features,Parameters,RMSE,MSE,MAE,MAPE,R2,Adjusted_R2,Time
RandomForestRegressor,default,block_splits,all_features,"[20, 5, 42]",1822.1340652186602,5466206.311697523,1534.2403981073912,0.05575724394020838,-0.33529776169731146,-0.3373363842342539,1.9803548812866212
RandomForestRegressor,default,block_splits,most_corr_features,"[20, 5, 42]",1805.4830167488944,5127884.190932149,1540.6469299461853,0.05703755718262658,-0.25006295955752245,-0.2519714526255492,0.9904151439666748
RandomForestRegressor,default,block_splits,least_corr_features,"[20, 5, 42]",3268.91259201648,15692989.873668605,2853.076398271246,0.1018939860440395,-3.78388738014105,-3.791191024996227,1.060121512413025
RandomForestRegressor,default_norm,block_splits,all_features,"[20, 5, 42]",2524.3868406870533,11567811.56216144,2162.314131189754,0.07473657105578238,-1.0578933553139718,-1.0610351772304816,1.2686882257461547
RandomForestRegressor,default_norm,block_splits,most_corr_features,"[20, 5, 42]",3700.9006760341654,31763823.68008243,3401.319880727189,0.09747643077948794,-3.4409675611977937,-3.44774766434466,0.9732722759246826
RandomForestRegressor,default_norm,block_splits,least_corr_features,"[20, 5, 42]",4319.737447825826,26815907.577917766,3762.2910272862464,0.14268574343983945,-18.39743445990478,-18.427048863660357,1.0723177909851074
RandomForestRegressor,cross_val,block_splits,most_corr_features,"[20, 10, 42]",3649.7925859908028,30501401.537658505,3319.5288126966725,0.09516496955537099,-3.3757333134186864,-3.3824138222941342,2.1791704416275026
