Model,Type,Splitting,Features,Parameters,RMSE,MSE,MAE,MAPE,R2,Adjusted_R2,Time
RandomForestRegressor,default_norm,block_splits,all_features,"[20, 5, 42]",4482.52155693489,40988332.373080954,3910.5436273256187,0.0973952357120355,-0.8953075660881042,-0.8967529865388864,1.0585855484008788
RandomForestRegressor,cross_val,block_splits,all_features,"[5, 10, 42]",4550.966201772354,41463498.49101332,3874.564315024668,0.09706558463008681,-0.9576129145831986,-0.95910585102902,1.4177997589111329
