{"market-cap": 0.9993580748187127, "miners-revenue": 0.9659014332188722, "estimated-transaction-volume-usd": 0.9187840452713969, "n-transactions-total": 0.8691914899234219, "blocks-size": 0.8685364248613952, "difficulty": 0.8368695592756238, "hash-rate": 0.8353207657829549}