{"market-cap": 0.9993217398099414, "miners-revenue": 0.9449609710592767, "estimated-transaction-volume-usd": 0.8727636713116008, "n-transactions-total": 0.8090676930183996, "blocks-size": 0.8052757794537508, "total-bitcoins": 0.7948017405775403, "n-unique-addresses": 0.6963215727346038}