{"market-cap": 0.9993219430048169, "miners-revenue": 0.9449633143711773, "estimated-transaction-volume-usd": 0.8727928862804117, "n-transactions-total": 0.8090671093080923, "blocks-size": 0.805275253222947, "total-bitcoins": 0.7948011360822431, "n-unique-addresses": 0.6963389241537934}