{"next-market-price": 1.0, "market-price": 0.9999995487828391, "market-cap": 0.999167352192796, "miners-revenue": 0.941862902551002, "sma-5-days": 0.9114242239525167, "sma-7-days": 0.8849346771847814, "sma-10-days": 0.8399083026836591, "estimated-transaction-volume-usd": 0.8365342750885361, "n-transactions-total": 0.7390319383185626, "blocks-size": 0.7301394299225427, "sma-100-days": 0.7144970288194061, "total-bitcoins": 0.7142373694121332, "sma-20-days": 0.70113051855804, "sma-50-days": 0.6799682084714201, "n-unique-addresses": 0.6488349306053071, "difficulty": 0.6250702693519952, "hash-rate": 0.6230868405047977, "avg-block-size": 0.5163282749424863, "transaction-fees-usd": 0.3702630899988614, "trade-volume": 0.25762906057115237, "n-transactions-per-block": 0.1870128265874566, "n-transactions": 0.15975690389720823, "rate-of-change": -0.028070636081273175}