{"next-market-price": 1.0, "market-price": 0.9999995486164398, "market-cap": 0.9991996765844512, "miners-revenue": 0.9420121163744299, "sma-5-days": 0.9115806133474684, "sma-7-days": 0.8851174630858054, "estimated-transaction-volume-usd": 0.8397570199364668, "sma-10-days": 0.8395727512147715, "n-transactions-total": 0.7384311265672852, "blocks-size": 0.7304299790136052, "sma-100-days": 0.7142676729555097, "total-bitcoins": 0.7112584765123261, "sma-20-days": 0.6978927017344716, "sma-50-days": 0.6806568700084206, "n-unique-addresses": 0.6471384523664712, "difficulty": 0.628667214963652, "hash-rate": 0.6267064934663744, "avg-block-size": 0.511965467445562, "transaction-fees-usd": 0.37333850901208704, "trade-volume": 0.2641932615701127, "n-transactions-per-block": 0.1682910091237444, "n-transactions": 0.13960852782368866, "rate-of-change": -0.027518190004277267}