{"next-market-price": 1.0, "market-price": 0.9999998017725626, "market-cap": 0.9990869481305857, "miners-revenue": 0.956849976710795, "sma-5-days": 0.9355234969203279, "sma-7-days": 0.9039497683585945, "sma-10-days": 0.863664960223245, "estimated-transaction-volume-usd": 0.7716139537216935, "sma-20-days": 0.752230938787126, "sma-100-days": 0.5587009541888219, "total-bitcoins": 0.5474357193606672, "n-unique-addresses": 0.5374726663279312, "n-transactions-total": 0.5347980561171101, "blocks-size": 0.508044336503988, "trade-volume": 0.49635981683552266, "sma-50-days": 0.45867730560788633, "transaction-fees-usd": 0.44727387431143595, "difficulty": 0.33770067033709106, "hash-rate": 0.33363572087401255, "avg-block-size": 0.19558958148006414, "rate-of-change": -0.026204611670220406, "n-transactions-per-block": -0.20555050313515336, "n-transactions": -0.20658966265203352}