{"next-market-price": 1.0, "market-price": 0.999999801772583, "market-cap": 0.9990869481306056, "miners-revenue": 0.9568499767108003, "sma-5-days": 0.9355234969203633, "sma-7-days": 0.9039497683586012, "sma-10-days": 0.8636649602232576, "estimated-transaction-volume-usd": 0.7716139537217187, "sma-20-days": 0.7522309387871314, "sma-100-days": 0.5587009541888424, "total-bitcoins": 0.5474357193606623, "n-unique-addresses": 0.5374726663279452, "n-transactions-total": 0.534798056117126, "blocks-size": 0.5080443365039872, "trade-volume": 0.4963598168355323, "sma-50-days": 0.45867730560789743, "transaction-fees-usd": 0.44727387431144044, "difficulty": 0.3377006703370912, "hash-rate": 0.3336357208740152, "avg-block-size": 0.1955895814800646, "rate-of-change": -0.02620461167022001, "n-transactions-per-block": -0.20555050313515244, "n-transactions": -0.2065896626520334}