{"next-market-price": 1.0, "market-price": 0.999999549094019, "market-cap": 0.9991808038392523, "miners-revenue": 0.941875611021199, "sma-5-days": 0.9116541231913421, "sma-7-days": 0.8852564131761691, "sma-10-days": 0.8397785426293655, "estimated-transaction-volume-usd": 0.8391327805633484, "n-transactions-total": 0.7376735349494562, "blocks-size": 0.7294146345195909, "sma-100-days": 0.7136015087029188, "total-bitcoins": 0.7113794740875999, "sma-20-days": 0.6983263706416557, "sma-50-days": 0.6794761257568622, "n-unique-addresses": 0.6475829263704783, "difficulty": 0.6258467395399354, "hash-rate": 0.6243981549225678, "avg-block-size": 0.512341825428091, "transaction-fees-usd": 0.3724953394988734, "trade-volume": 0.2627269111729586, "n-transactions-per-block": 0.171575652461026, "n-transactions": 0.14303079918899342, "rate-of-change": -0.02758046652899032}