{"next-market-price": 1.0, "market-price": 0.9999997307860499, "market-cap": 0.9988193012131913, "miners-revenue": 0.961934431907096, "sma-5-days": 0.9195884623651029, "sma-7-days": 0.880013662920338, "sma-10-days": 0.8292747532181557, "estimated-transaction-volume-usd": 0.7251172407757456, "sma-20-days": 0.6860507281468414, "trade-volume": 0.5047587674091326, "sma-100-days": 0.47960321721172167, "n-unique-addresses": 0.4332163506653383, "transaction-fees-usd": 0.42710977047609433, "total-bitcoins": 0.3580310398511184, "n-transactions-total": 0.3541307354189727, "blocks-size": 0.32841132920438815, "sma-50-days": 0.32511596500954326, "hash-rate": 0.13295669353957768, "difficulty": 0.13055195592996835, "avg-block-size": 0.09422080745890052, "rate-of-change": -0.01210873247266209, "n-transactions": -0.14489024941791606, "n-transactions-per-block": -0.1649909828803865}