{"market-cap": 0.9982576804435397, "blocks-size": 0.0004688408414286752, "miners-revenue": 0.0003663856456549574, "total-bitcoins": 0.0002797116990342391, "difficulty": 0.00017464223612113333, "n-transactions-total": 0.00012826747163049643, "estimated-transaction-volume-usd": 0.00011827297983739706}