{"market-cap": 0.9987202050404042, "n-transactions-total": 0.0003438611818026194, "difficulty": 0.000303497705367867, "miners-revenue": 0.00020069419351171751, "total-bitcoins": 0.00016681966545818174, "blocks-size": 0.00010244096283146869, "transaction-fees-usd": 5.799009011053424e-05}