Model,Type,Features,Parameters,RMSE,MSE,MAE,MAPE,R2,Adjusted_R2,Time
GBTRegressor,multi_splits,more_rel_features,"[10, 5, 0.3]",9220.994087509996,216410049.4022602,8235.635878502337,0.3365243292040498,-1.4005848576111064,-1.4009183339295372,9.194804048538208
GBTRegressor,block_splits,more_rel_features,"[10, 5, 0.3]",1998.024236113218,9670992.408107495,1592.4362336954734,0.11907203526841934,-1.1794765198189137,-1.1820029609160763,5.206850242614746
GBTRegressor,final_validated,more_rel_features,"[10, 5, 0.3]",1948.8691707729433,3798091.04478922,1560.72869691266,0.07843728884947289,0.7915481501989887,0.7914998825585593,8.099547624588013
GBTRegressor,final_trained,more_rel_features,"[10, 5, 0.3]",493.0656150558267,243113.7007503807,313.7702841680416,0.036983099001042664,0.9990879400065269,0.9990879188933754,10.132680654525757
