Model,Type,Cv,Features,Parameters,RMSE,MSE,MAE,MAPE,R2,Adjusted_R2,Time
GeneralizedLinearRegression,default,block_splits,all_features,"[25, 0]",23.113561246372008,1219.4365722646412,19.870015803157234,0.0009296909618773218,0.9996991285436551,0.9996986640566516,0.880581283569336
GeneralizedLinearRegression,default,block_splits,most_corr_features,"[25, 0]",20.094970428581114,734.764406575241,16.704668692950605,0.0009251656441860396,0.9997532335434132,0.9997528525840049,0.3654105424880981
GeneralizedLinearRegression,default,block_splits,least_corr_features,"[25, 0]",5691.067685736647,70888767.031756,4443.439699772419,0.2425474638767159,-32.15507754720089,-32.20626253762498,0.32350983619689944
GeneralizedLinearRegression,default_norm,block_splits,all_features,"[25, 0]",2328.981167809725,17678471.566159856,1991.9164135074866,0.0775130819794769,-1.9159999327820394,-1.9205016694594335,0.504846715927124
GeneralizedLinearRegression,default_norm,block_splits,most_corr_features,"[25, 0]",3775.6352033590256,21400122.71001462,3124.3720937444978,0.28369973896134515,-124.68743333617378,-124.88147028458931,0.32446980476379395
GeneralizedLinearRegression,default_norm,block_splits,least_corr_features,"[25, 0]",5454.107623532839,58364317.89339262,4498.0547086636625,0.2616362924829266,-35.42283425718332,-35.47906402832525,0.3665732145309448
GeneralizedLinearRegression,cross_val,block_splits,most_corr_features,"[5, 0.2, 'gaussian', 'log']",4155.5405614712745,38664449.58745065,3695.3402295507394,0.23358441911062022,-13.327569667521374,-13.349688648096478,0.22718238830566406
GeneralizedLinearRegression,final_validated,block_splits,most_corr_features,"[5, 0.2, 'gaussian', 'log']",4155.5405614712745,38664449.58745065,3695.3402295507394,0.23358441911062022,-13.327569667521374,-13.349688648096478,0.23626868724822997
GeneralizedLinearRegression,final_trained,none,most_corr_features,"[5, 0.2, 'gaussian', 'log']",7588.320122403125,57582602.28006819,5816.4150044051785,1.549987331204005,0.7837987846621937,0.7837921213996069,0.7667946815490723
