Model,Type,Cv,Features,Parameters,RMSE,MSE,MAE,MAPE,R2,Adjusted_R2,Time
GeneralizedLinearRegression,simple,block_splits,all_features,"[25, 0]",23.113561246372008,1219.4365722646412,19.870015803157234,0.0009296909618773218,0.9996991285436551,0.9996987803128027,0.9029292583465576
GeneralizedLinearRegression,simple,block_splits,most_corr_features,"[25, 0]",20.094970428581114,734.764406575241,16.704668692950605,0.0009251656441860396,0.9997532335434132,0.9997529479340882,0.37512333393096925
GeneralizedLinearRegression,simple,block_splits,least_corr_features,"[25, 0]",5691.067685736647,70888767.031756,4443.439699772419,0.2425474638767159,-32.15507754720089,-32.19345147954719,0.3358741044998169
GeneralizedLinearRegression,simple_norm,block_splits,all_features,"[25, 0]",2328.981167809725,17678471.566159856,1991.9164135074866,0.0775130819794769,-1.9159999327820394,-1.9193749327042409,0.5554453134536743
GeneralizedLinearRegression,simple_norm,block_splits,most_corr_features,"[25, 0]",3775.6352033590256,21400122.71001462,3124.3720937444978,0.28369973896134515,-124.68743333617378,-124.83290490253509,0.46295692920684817
GeneralizedLinearRegression,simple_norm,block_splits,least_corr_features,"[25, 0]",5454.107623532839,58364317.89339262,4498.0547086636625,0.2616362924829266,-35.42283425718332,-35.46499031535136,0.4682520627975464
GeneralizedLinearRegression,cross_val,block_splits,all_features,"[5, 0.1, 'gaussian', 'log']",868.752735252312,1222217.1359478205,698.9853715357779,0.04981629811451771,0.43577097727576286,0.43511793442538754,0.366937255859375
GeneralizedLinearRegression,final_validated,block_splits,all_features,"[5, 0.1, 'gaussian', 'log']",868.752735252312,1222217.1359478205,698.9853715357779,0.04981629811451771,0.43577097727576286,0.43511793442538754,0.3623867750167847
GeneralizedLinearRegression,final_trained,none,all_features,"[5, 0.1, 'gaussian', 'log']",4115.560721406742,16937840.051585987,3205.8855856866985,1.288307816868512,0.9364047219238331,0.9364032519432938,1.1932082176208496
