Model,Type,Cv,Features,Parameters,RMSE,MSE,MAE,MAPE,R2,Adjusted_R2,Time
LinearRegression,simple,block_splits,all_features,"[100, 0.0, 0.0]",23.113561246372008,1219.4365722646412,19.870015803157234,0.0009296909618773218,0.9996991285436551,0.9996987803128027,1.6842071294784546
LinearRegression,simple,block_splits,most_corr_features,"[100, 0.0, 0.0]",20.094970428581114,734.764406575241,16.704668692950605,0.0009251656441860396,0.9997532335434132,0.9997529479340882,1.0117671012878418
LinearRegression,simple,block_splits,least_corr_features,"[100, 0.0, 0.0]",5691.067685736647,70888767.031756,4443.439699772419,0.2425474638767159,-32.15507754720089,-32.19345147954719,0.8338393211364746
LinearRegression,simple_norm,block_splits,all_features,"[100, 0.0, 0.0]",2328.981167809725,17678471.566159856,1991.9164135074866,0.0775130819794769,-1.9159999327820394,-1.9193749327042409,1.164203929901123
LinearRegression,simple_norm,block_splits,most_corr_features,"[100, 0.0, 0.0]",3775.6352033590256,21400122.71001462,3124.3720937444978,0.28369973896134515,-124.68743333617378,-124.83290490253509,0.7298465967178345
LinearRegression,simple_norm,block_splits,least_corr_features,"[100, 0.0, 0.0]",5454.107623532839,58364317.89339262,4498.0547086636625,0.2616362924829266,-35.42283425718332,-35.46499031535136,0.7235388278961181
LinearRegression,final_trained,block_splits,all_features,"[5, 0.8, 0.0]",771.2084595461425,908097.6449880044,605.7640403357091,0.05024404086306813,0.37518924098270917,0.3744660803819947,0.6959757804870605
LinearRegression,final_validated,block_splits,all_features,"[5, 0.8, 0.0]",771.2084595461425,908097.6449880044,605.7640403357091,0.05024404086306813,0.37518924098270917,0.3744660803819947,0.8489514589309692
LinearRegression,final_trained,none,all_features,"[5, 0.8, 0.0]",4116.0352884493395,16941746.495760236,3202.9958837248714,1.2786705429270815,0.936390054681564,0.936388584361997,1.4724373817443848
