Model,Type,Cv,Features,Parameters,RMSE,MSE,MAE,MAPE,R2,Adjusted_R2,Time
LinearRegression,simple,walk_forward_splits,all_features,"[100, 0.0, 0.0]",32.04465988919424,3401.4891399876356,25.8790432214625,0.0014421834924347868,0.9995708055581112,0.9995705478352673,0.5009698142176089
LinearRegression,simple,walk_forward_splits,most_corr_features,"[100, 0.0, 0.0]",42.43704295939385,5002.640521103486,34.015583659668486,0.0019191433085001032,0.9992974809479523,0.999297059099042,0.3213062182716701
LinearRegression,simple,walk_forward_splits,least_corr_features,"[100, 0.0, 0.0]",10956.326790459183,385428881.30158,9004.743502072602,0.4986582517552125,-94.8676032867884,-94.92516990205267,0.32038433655448584
LinearRegression,simple_norm,walk_forward_splits,all_features,"[100, 0.0, 0.0]",3059.266730028708,28798884.694981217,2451.3050132516887,0.15378618641268507,-3.988800193076188,-3.9917958697333598,0.3904284186985182
LinearRegression,simple_norm,walk_forward_splits,most_corr_features,"[100, 0.0, 0.0]",16880.15386857496,1211026255.4916918,13418.958949887905,0.6703541197503217,-60.37549430914699,-60.4123490895568,0.2723789007767387
LinearRegression,simple_norm,walk_forward_splits,least_corr_features,"[100, 0.0, 0.0]",7720.322255953601,141154821.0240365,6582.698147916134,0.3375935764589246,-15.633177644512545,-15.643165541416776,0.28664017760235333
LinearRegression,cross_val,walk_forward_splits,all_features,"[5, 0.2, 0.0]",2713.326148954861,24276189.99134994,2228.2239839647523,0.12998826230123026,-1.8984849199441896,-1.9002254032828265,0.42700636905172595
LinearRegression,final_validated,walk_forward_splits,all_features,"[5, 0.2, 0.0]",2713.326148954861,24276189.99134994,2228.2239839647523,0.12998826230123026,-1.8984849199441896,-1.9002254032828265,0.37726799301479175
LinearRegression,final_trained,none,all_features,"[5, 0.2, 0.0]",4115.588272595974,16938066.829529513,3205.5185373712816,1.2868355066973536,0.9364038704571562,0.9364024004569357,0.6507039070129395
