Model,Type,Cv,Features,Parameters,RMSE,MSE,MAE,MAPE,R2,Adjusted_R2,Time
LinearRegression,default,block_splits,all_features,"[100, 0.0, 0.0]",23.113561246372008,1219.4365722646412,19.870015803157234,0.0009296909618773218,0.9996991285436551,0.9996986640566516,1.0110037565231322
LinearRegression,default,block_splits,most_corr_features,"[100, 0.0, 0.0]",20.094970428581114,734.764406575241,16.704668692950605,0.0009251656441860396,0.9997532335434132,0.9997528525840049,0.43264796733856203
LinearRegression,default,block_splits,least_corr_features,"[100, 0.0, 0.0]",5691.067685736647,70888767.031756,4443.439699772419,0.2425474638767159,-32.15507754720089,-32.20626253762498,0.37812151908874514
LinearRegression,default_norm,block_splits,all_features,"[100, 0.0, 0.0]",2328.981167809725,17678471.566159856,1991.9164135074866,0.0775130819794769,-1.9159999327820394,-1.9205016694594335,0.5320513725280762
LinearRegression,default_norm,block_splits,most_corr_features,"[100, 0.0, 0.0]",3775.6352033590256,21400122.71001462,3124.3720937444978,0.28369973896134515,-124.68743333617378,-124.88147028458931,0.3847887277603149
LinearRegression,default_norm,block_splits,least_corr_features,"[100, 0.0, 0.0]",5454.107623532839,58364317.89339262,4498.0547086636625,0.2616362924829266,-35.42283425718332,-35.47906402832525,0.44097864627838135
LinearRegression,cross_val,block_splits,all_features,"[5, 0.8, 0.0]",771.2084595461425,908097.6449880044,605.7640403357091,0.05024404086306813,0.37518924098270917,0.37422465470865685,0.42676639556884766
LinearRegression,final_validated,block_splits,all_features,"[5, 0.8, 0.0]",771.2084595461425,908097.6449880044,605.7640403357091,0.05024404086306813,0.37518924098270917,0.37422465470865685,0.31771435737609866
LinearRegression,final_trained,none,all_features,"[5, 0.8, 0.0]",4116.0352884493395,16941746.495760236,3202.9958837248714,1.2786705429270815,0.936390054681564,0.9363880942403697,0.852156400680542
