Model,Type,Cv,Features,Parameters,RMSE,MSE,MAE,MAPE,R2,Adjusted_R2,Time
RandomForestRegressor,default,walk_forward_splits,all_features,"[20, 5, 42]",3188.396373519587,26487606.22493711,2604.54949037955,0.17749209328036317,-0.8738550784761852,-0.8753556631236138,1.2905481276304827
RandomForestRegressor,default,walk_forward_splits,most_corr_features,"[20, 5, 42]",3165.6440936678973,26766106.62953799,2598.4541745049173,0.17897567975424183,-0.9162670941536293,-0.917801642377176,0.9493443551270858
RandomForestRegressor,default,walk_forward_splits,least_corr_features,"[20, 5, 42]",4759.130910381984,46960401.20968919,4037.5753702432944,0.25006238016968674,-2.8330947878405537,-2.8361643332162014,0.9474476316700811
RandomForestRegressor,default_norm,walk_forward_splits,all_features,"[20, 5, 42]",4134.699685055742,40242498.144358255,3517.6870921684535,0.21628888538152238,-1.905325293947663,-1.9076518807696434,1.3460233211517334
RandomForestRegressor,default_norm,walk_forward_splits,most_corr_features,"[20, 5, 42]",3025.7311315722454,25886391.16200078,2537.242561794844,0.1722359719868183,-0.9860907975312498,-0.987681260632376,1.0151226209557576
RandomForestRegressor,default_norm,walk_forward_splits,least_corr_features,"[20, 5, 42]",5238.066382605053,55854060.41092155,4540.385265139065,0.2830957923910668,-5.736536181689173,-5.741930805258095,1.063297064408012
RandomForestRegressor,cross_val,walk_forward_splits,most_corr_features,"[10, 10, 42]",3129.468075210403,27869832.703507353,2623.773114507665,0.17281506955918705,-1.0164467508411437,-1.0180615230139893,1.66500272958175
RandomForestRegressor,final_validated,walk_forward_splits,most_corr_features,"[10, 10, 42]",3129.468075210403,27869832.703507353,2623.773114507665,0.17281506955918705,-1.0164467508411437,-1.0180615230139893,1.5558065020519753
RandomForestRegressor,final_trained,none,most_corr_features,"[10, 10, 42]",267.05970688177035,71320.88703977711,149.2496994343745,0.013044903761177585,0.9997322166445002,0.9997322083914901,4.454535245895386
