Model,Type,Cv,Features,Parameters,RMSE,MSE,MAE,MAPE,R2,Adjusted_R2,Time
RandomForestRegressor,default,block_splits,all_features,"[20, 5, 42]",2366.950547372023,13360873.139501935,1995.98145730018,0.12995078661220755,-0.9331630402041581,-0.9361474679003432,1.4436821222305298
RandomForestRegressor,default,block_splits,most_corr_features,"[20, 5, 42]",2298.7130389815366,12723236.099513443,1868.4696628183451,0.12527865215545955,-0.7340390513687811,-0.7367160703597015,0.8108927726745605
RandomForestRegressor,default,block_splits,least_corr_features,"[20, 5, 42]",3158.2111105177873,20404969.45163811,2738.04154494116,0.1783325391829643,-3.550192496387754,-3.557217108501051,0.8296320676803589
RandomForestRegressor,default_norm,block_splits,all_features,"[20, 5, 42]",2429.0868968728482,13365894.080950037,2043.2040048698495,0.1403274905316763,-1.779399494140245,-1.7836903463118237,0.9816237926483155
RandomForestRegressor,default_norm,block_splits,most_corr_features,"[20, 5, 42]",2300.0664462910527,11020462.676028632,1966.8896217062854,0.13732067510412296,-1.4257849236351121,-1.4295298636947573,0.7237095594406128
RandomForestRegressor,default_norm,block_splits,least_corr_features,"[20, 5, 42]",5136.845474736247,62510988.64979458,4696.889384079662,0.23990271274657965,-14.344700665783751,-14.368389898768362,0.6148396730422974
RandomForestRegressor,final_validated,block_splits,all_features,"[3, 10, 42]",2443.4825848678,12961272.812594214,2061.208331362295,0.1427752153407082,-2.0996956503068294,-2.104480977439685,1.2783474445343017
RandomForestRegressor,final_validated,block_splits,all_features,"[3, 10, 42]",2443.4825848678,12961272.812594214,2061.208331362295,0.1427752153407082,-2.0996956503068294,-2.104480977439685,1.103769850730896
RandomForestRegressor,final_trained,none,all_features,"[3, 10, 42]",444.2333062411662,197343.23037395775,267.35881484670006,0.024988757075516472,0.9992590497032763,0.9992590268673899,2.7592415809631348
