Model,Type,Dataset,Splitting,Features,Parameters,RMSE,MSE,MAE,MAPE,R2,Adjusted_R2,Time
GeneralizedLinearRegression,default_norm,valid,walk_forward_splits,base_and_least_corr_features_norm,"[25, 0]",1743.6253460279681,5340020.88711163,1496.8043615712168,0.04378498878355481,0.3604276243046048,0.35991545423397786,0.35357997634194116
GeneralizedLinearRegression,cross_val,valid,walk_forward_splits,base_features_norm,"[5, 0.1, 'gaussian', 'log']",1525.0494332350215,4367729.713609843,1293.5021718817943,0.03813729539742639,0.6091203725332771,0.608807355814585,0.29996220632032916
