Model,Type,Splitting,Features,Parameters,RMSE,MSE,MAE,MAPE,R2,Adjusted_R2,Time
GeneralizedLinearRegression,default_norm,walk_forward_splits,all_features,"[25, 0]",2547.8560942595873,18360147.69289412,2145.693637139703,0.062407728907126064,-0.5050447148765951,-0.5062499558895094,0.4053913246501576
GeneralizedLinearRegression,cross_val,walk_forward_splits,all_features,"[5, 0, 'gaussian', 'log']",2547.8560942595873,18360147.69289412,2145.693637139703,0.062407728907126064,-0.5050447148765951,-0.5062499558895094,0.34930955279957165
