Model,Type,Dataset,Splitting,Features,Parameters,RMSE,MSE,MAE,MAPE,R2,Adjusted_R2,Time
GeneralizedLinearRegression,default,valid,walk_forward_splits,base_features,"[25, 0]",10.149806529013077,144.22965364265426,7.225374346975448,0.00021959956708271432,0.9999790550190344,0.999979038246277,0.2929652820933949
GeneralizedLinearRegression,default,valid,walk_forward_splits,base_and_most_corr_features,"[25, 0]",15.620374435685113,341.4771736178596,12.467852742956586,0.0004109610384432925,0.999892584419042,0.9998924984005587,0.27457071434367786
GeneralizedLinearRegression,default,valid,walk_forward_splits,base_and_least_corr_features,"[25, 0]",21.541681296998892,916.2114539097712,15.600487748600234,0.00045027152686542236,0.9999382999279883,0.999938250518521,0.38000762462615967
GeneralizedLinearRegression,default_norm,valid,walk_forward_splits,base_features_norm,"[25, 0]",4375.915427609979,39714938.52476159,3734.1292102002785,0.11725058654955102,-8.12056218091688,-8.12786593441511,0.233395825732838
GeneralizedLinearRegression,default_norm,valid,walk_forward_splits,base_and_most_corr_features_norm,"[25, 0]",6662.119726219375,135092628.23486164,5598.776133546306,0.1740559558361538,-17.5737283679007,-17.588602224451567,0.2863696271722967
GeneralizedLinearRegression,default_norm,valid,walk_forward_splits,base_and_least_corr_features_norm,"[25, 0]",1743.6253460279681,5340020.88711163,1496.8043615712168,0.04378498878355481,0.3604276243046048,0.35991545423397786,0.3627106818285855
GeneralizedLinearRegression,cross_val,valid,walk_forward_splits,base_and_least_corr_features_norm,"[5, 0.1, 'gaussian', 'log']",1525.0494332350215,4367729.713609843,1293.5021718817943,0.03813729539742639,0.6091203725332771,0.608807355814585,0.24844349514354358
