Model,Type,Splitting,Features,Parameters,RMSE,MSE,MAE,MAPE,R2,Adjusted_R2,Time
GeneralizedLinearRegression,default,walk_forward_splits,all_features,"[25, 0]",22.956867819648714,1872.0292540235062,19.655343044139755,0.0006205526459383837,0.9998380835677755,0.9998379539049669,1.3292896530844949
GeneralizedLinearRegression,default,walk_forward_splits,most_rel_features,"[25, 0]",11.143602806909156,164.825714230278,8.62171290891194,0.0002762637090334016,0.999976241977328,0.9999762229518847,0.5931446769020774
GeneralizedLinearRegression,default,walk_forward_splits,least_rel_features,"[25, 0]",12250.863052601933,418728011.343923,9903.491424661259,0.2876312026376724,-25.76968075736386,-25.791117939151544,0.6086258779872548
GeneralizedLinearRegression,default_norm,walk_forward_splits,all_features,"[25, 0]",2547.8560942595873,18360147.69289412,2145.693637139703,0.062407728907126064,-0.5050447148765951,-0.5062499558895094,0.7802894223820079
GeneralizedLinearRegression,default_norm,walk_forward_splits,most_rel_features,"[25, 0]",9119.947926552186,190866543.34457338,7993.093986125549,0.24069218985097615,-28.99250959748778,-29.01652762319147,0.5312479734420776
GeneralizedLinearRegression,default_norm,walk_forward_splits,least_rel_features,"[25, 0]",9279.897141871099,143421044.7147445,8258.956310411028,0.2631095232683501,-23.694271874088784,-23.714047066780747,0.5982370593331077
GeneralizedLinearRegression,cross_val,walk_forward_splits,most_rel_features,"[5, 0.2, 'gaussian', 'log']",9083.817925877149,189161836.2044839,7974.021442944291,0.2393251883781384,-28.726855362025063,-28.750660651604274,0.22381087866696445
