Model,Type,Splitting,Features,Parameters,RMSE,MSE,MAE,MAPE,R2,Adjusted_R2,Time
GeneralizedLinearRegression,default,walk_forward_splits,all_features,"[25, 0]",25.354557604715932,4121.092764744883,21.462364335256012,0.0008199489313061393,0.9998157243991239,0.9998155768310752,0.8534706707658439
GeneralizedLinearRegression,default,walk_forward_splits,most_corr_features,"[25, 0]",38.3438375770598,2987.1908327273945,31.48788166071207,0.0012514499958054168,0.9988841988992632,0.9988833053648482,0.5031771002144649
GeneralizedLinearRegression,default,walk_forward_splits,least_corr_features,"[25, 0]",7051.171655076998,100686205.9144708,6282.364037249913,0.22530530471170176,-10.829127258307654,-10.83860003288888,0.43602520021898994
GeneralizedLinearRegression,default_norm,walk_forward_splits,all_features,"[25, 0]",2070.149498724572,13798805.061597222,1675.7560782518863,0.05394928741046917,-0.7811335047053648,-0.7825598378422659,0.6960184820767107
GeneralizedLinearRegression,default_norm,walk_forward_splits,most_corr_features,"[25, 0]",6742.502058261083,118470089.29167123,5571.546269775675,0.2511831946403382,-30.494421662084047,-30.519642420171802,0.4959652177218733
GeneralizedLinearRegression,default_norm,walk_forward_splits,least_corr_features,"[25, 0]",5671.918684260801,62776834.36362754,4998.170978593873,0.20203589586377535,-6.387316448000989,-6.393232216928317,0.4403803677394472
GeneralizedLinearRegression,cross_val,walk_forward_splits,most_corr_features,"[5, 0.1, 'gaussian', 'log']",4331.484020979058,53889214.56853325,3562.6391661284,0.12613477212065563,-3.9072114058838006,-3.9111411047073315,0.33900815042956123
