Model,Type,Dataset,Splitting,Features,Parameters,RMSE,MSE,MAE,MAPE,R2,Adjusted_R2,Time
GradientBoostingTreeRegressor,default,valid,walk_forward_splits,base_features,"[20, 5, 0.1, 42]",2364.160980888992,16048350.63955627,1891.3995564313277,0.06490785999326866,-0.30597426964026003,-0.30702009488121307,5.257090210914612
GradientBoostingTreeRegressor,cross_val,valid,walk_forward_splits,base_features,"[20, 3, 0.7, 42]",2665.683991022308,17615183.26058401,2144.798022681569,0.07117733892481518,-0.42870538731358265,-0.42984949573185194,3.5069298202341255
