Model,Type,Splitting,Features,Parameters,RMSE,MSE,MAE,MAPE,R2,Adjusted_R2,Time
GradientBoostingTreeRegressor,default_norm,walk_forward_splits,all_features,"[20, 5, 0.1, 42]",5300.901668833792,49467481.09232464,4517.726197057786,0.14469437019016843,-3.5091278210660706,-3.5127387342360934,4.958321137861772
GradientBoostingTreeRegressor,cross_val,walk_forward_splits,all_features,"[5, 5, 0.7, 42]",5126.2733018263025,46201979.29744145,4342.102518926729,0.14188617068348613,-3.2037942672525133,-3.207160669068131,1.8273082104596226
