Model,Type,Splitting,Features,Parameters,RMSE,MSE,MAE,MAPE,R2,Adjusted_R2,Time
GradientBoostingTreeRegressor,default,walk_forward_splits,all_features,"[20, 5, 0.1, 42]",2638.9542005157386,20466438.563568875,2108.2616550226185,0.07070662385871272,-0.4101896933296291,-0.41131897436532844,8.260887124321677
GradientBoostingTreeRegressor,default,walk_forward_splits,most_rel_features,"[20, 5, 0.1, 42]",2164.790803673308,12461188.341460504,1671.4216630355031,0.05880307937993612,-0.03160237280014876,-0.03242848080639507,5.873595530336553
GradientBoostingTreeRegressor,default,walk_forward_splits,least_rel_features,"[20, 5, 0.1, 42]",6448.888877237917,71216768.80086313,5654.880259926726,0.18515938492395892,-6.666625608996537,-6.6727650489236625,6.053017757155678
GradientBoostingTreeRegressor,default_norm,walk_forward_splits,all_features,"[20, 5, 0.1, 42]",5300.901668833792,49467481.09232464,4517.726197057786,0.14469437019016843,-3.5091278210660706,-3.5127387342360934,6.215804479338906
GradientBoostingTreeRegressor,default_norm,walk_forward_splits,most_rel_features,"[20, 5, 0.1, 42]",6317.167818820485,75600854.35749613,5519.4200134096645,0.1613368448829332,-12.291511788203676,-12.30215564148752,6.069307988340205
GradientBoostingTreeRegressor,default_norm,walk_forward_splits,least_rel_features,"[20, 5, 0.1, 42]",7888.247847783996,90830624.1614561,6821.1101149325295,0.22432356916220125,-16.478387305381396,-16.49238401193225,6.095508326183666
GradientBoostingTreeRegressor,cross_val,walk_forward_splits,most_rel_features,"[10, 5, 0.7, 42]",6702.626640517288,82110423.60057212,5854.143398979556,0.1716672103836012,-13.306400128727415,-13.317856705407076,2.698567412116311
