Model,Type,Splitting,Features,Parameters,RMSE,MSE,MAE,MAPE,R2,Adjusted_R2,Time
GradientBoostingTreeRegressor,default,walk_forward_splits,all_features,"[20, 5, 0.1, 42]",2548.9158593523493,14771702.385144608,2066.2787285164964,0.08204549747736412,-0.7094842215401572,-0.7108531778737229,8.332691981874664
GradientBoostingTreeRegressor,default,walk_forward_splits,most_corr_features,"[20, 5, 0.1, 42]",2660.8198465468095,15606458.614222568,2115.462380868013,0.08319967909786369,-0.821807064612243,-0.823265969168489,7.915733732026199
GradientBoostingTreeRegressor,default,walk_forward_splits,least_corr_features,"[20, 5, 0.1, 42]",4827.384920207331,38993235.74000022,4138.172224045982,0.1683950700667525,-4.5221721207925425,-4.526594280649033,7.7764272360966125
GradientBoostingTreeRegressor,default_norm,walk_forward_splits,all_features,"[20, 5, 0.1, 42]",4181.748216448471,33511511.590262227,3628.3733936408594,0.14052972979033632,-3.666878782581958,-3.6706160228482894,8.330346674754702
GradientBoostingTreeRegressor,default_norm,walk_forward_splits,most_corr_features,"[20, 5, 0.1, 42]",2598.4971018372944,14376977.61011497,2140.3909547896756,0.08911065069225307,-0.6468391436286711,-0.6481579337336787,8.555004300742313
GradientBoostingTreeRegressor,default_norm,walk_forward_splits,least_corr_features,"[20, 5, 0.1, 42]",5948.92996373181,58439753.876011364,5064.182545367062,0.20364061621145402,-13.013128956998727,-13.024350681889219,6.789230453556981
GradientBoostingTreeRegressor,cross_val,walk_forward_splits,most_corr_features,"[10, 3, 0.7, 42]",2753.71872908838,14880011.996410158,2294.899374492088,0.09480029879784443,-0.8462439232243255,-0.847722396836517,1.9103775024414062
