Model,Type,Splitting,Features,Parameters,RMSE,MSE,MAE,MAPE,R2,Adjusted_R2,Time
LinearRegression,default,walk_forward_splits,all_features,"[100, 0.0, 0.0]",12.748704250603197,341.9282252650253,10.546620173985172,0.0004352424602102046,0.999888842737937,0.9998887537231124,0.5485185818238691
LinearRegression,default,walk_forward_splits,most_rel_features,"[100, 0.0, 0.0]",11.143602806909156,164.825714230278,8.62171290891194,0.0002762637090334016,0.999976241977328,0.9999762229518847,0.3416686383160678
LinearRegression,default,walk_forward_splits,least_rel_features,"[100, 0.0, 0.0]",12268.5575375397,418553176.07870597,9897.713516129732,0.28909402579522875,-26.07275532082316,-26.09443520496396,0.3129852359945124
LinearRegression,default_norm,walk_forward_splits,all_features,"[100, 0.0, 0.0]",1937.926728869149,7666981.168865842,1645.0165411234839,0.04821577691766086,0.046356848554249215,0.04559317035489316,0.39905841784043744
LinearRegression,default_norm,walk_forward_splits,most_rel_features,"[100, 0.0, 0.0]",9119.947926552186,190866543.34457338,7993.093986125549,0.24069218985097615,-28.99250959748778,-29.01652762319147,0.28604622320695355
LinearRegression,default_norm,walk_forward_splits,least_rel_features,"[100, 0.0, 0.0]",9379.220375648983,144790939.4022434,8416.19392436867,0.26758535730215094,-24.453123086041863,-24.473505967392043,0.3203667835755782
LinearRegression,cross_val,walk_forward_splits,all_features,"[5, 0.0, 0.0]",2408.4782064807027,15300843.950692939,2080.8150324632256,0.05857751003385147,-0.06390962466460608,-0.06476160434401722,0.3575519323348999
