Model,Type,Splitting,Features,Parameters,RMSE,MSE,MAE,MAPE,R2,Adjusted_R2,Time
LinearRegression,default,walk_forward_splits,all_features,"[100, 0.0, 0.0]",22.956867819648714,1872.0292540235062,19.655343044139755,0.0006205526459383837,0.9998380835677755,0.9998379539049669,0.7186376831748269
LinearRegression,default,walk_forward_splits,most_rel_features,"[100, 0.0, 0.0]",11.143602806909156,164.825714230278,8.62171290891194,0.0002762637090334016,0.999976241977328,0.9999762229518847,0.4277143803509799
LinearRegression,default,walk_forward_splits,least_rel_features,"[100, 0.0, 0.0]",12250.863052601933,418728011.343923,9903.491424661259,0.2876312026376724,-25.76968075736386,-25.791117939151544,0.4156453284350308
LinearRegression,default_norm,walk_forward_splits,all_features,"[100, 0.0, 0.0]",2547.8560942595873,18360147.69289412,2145.693637139703,0.062407728907126064,-0.5050447148765951,-0.5062499558895094,0.5323616482994773
LinearRegression,default_norm,walk_forward_splits,most_rel_features,"[100, 0.0, 0.0]",9119.947926552186,190866543.34457338,7993.093986125549,0.24069218985097615,-28.99250959748778,-29.01652762319147,0.34927131912925025
LinearRegression,default_norm,walk_forward_splits,least_rel_features,"[100, 0.0, 0.0]",9279.897141871099,143421044.7147445,8258.956310411028,0.2631095232683501,-23.694271874088784,-23.714047066780747,0.4213232127102939
LinearRegression,cross_val,walk_forward_splits,all_features,"[5, 0.0, 0.0]",2617.0629512371847,17097961.4126892,2281.635510500915,0.06437895878550105,-0.16374252171966852,-0.16467444766298764,0.44761198217218573
