Model,Type,Splitting,Features,Parameters,RMSE,MSE,MAE,MAPE,R2,Adjusted_R2,Time
LinearRegression,default,walk_forward_splits,all_features,"[100, 0.0, 0.0]",25.354557604715932,4121.092764744883,21.462364335256012,0.0008199489313061393,0.9998157243991239,0.9998155768310752,0.9670298921650854
LinearRegression,default,walk_forward_splits,most_corr_features,"[100, 0.0, 0.0]",38.3438375770598,2987.1908327273945,31.48788166071207,0.0012514499958054168,0.9988841988992632,0.9988833053648482,0.6024989259654078
LinearRegression,default,walk_forward_splits,least_corr_features,"[100, 0.0, 0.0]",7051.171655076998,100686205.9144708,6282.364037249913,0.22530530471170176,-10.829127258307654,-10.83860003288888,0.5147676139042295
LinearRegression,default_norm,walk_forward_splits,all_features,"[100, 0.0, 0.0]",2070.149498724572,13798805.061597222,1675.7560782518863,0.05394928741046917,-0.7811335047053648,-0.7825598378422659,0.7744372548728153
LinearRegression,default_norm,walk_forward_splits,most_corr_features,"[100, 0.0, 0.0]",6742.502058261083,118470089.29167123,5571.546269775675,0.2511831946403382,-30.494421662084047,-30.519642420171802,0.5430669537905989
LinearRegression,default_norm,walk_forward_splits,least_corr_features,"[100, 0.0, 0.0]",5671.918684260801,62776834.36362754,4998.170978593873,0.20203589586377535,-6.387316448000989,-6.393232216928317,0.5556889895735115
LinearRegression,cross_val,walk_forward_splits,most_corr_features,"[5, 0.2, 0.0]",3963.868979400709,46591465.13890564,3245.6705635970666,0.11208800210278855,-2.3618810893475595,-2.364573286416107,0.3262559298811288
