Model,Type,Dataset,Splitting,Features,Parameters,RMSE,MSE,MAE,MAPE,R2,Adjusted_R2,Time
LinearRegression,default_norm,valid,walk_forward_splits,base_and_least_corr_features_norm,"[100, 0.0, 0.0]",1743.6253460279681,5340020.88711163,1496.8043615712168,0.04378498878355481,0.3604276243046048,0.35991545423397786,0.4299519712274725
LinearRegression,cross_val,valid,walk_forward_splits,base_features_norm,"[5, 0.0, 0.0]",1664.415862395309,4874436.169327985,1430.4741802266233,0.04173117679831285,0.4359869573083815,0.435535295212132,0.34680591930042615
