Model,Type,Splitting,Features,Parameters,RMSE,MSE,MAE,MAPE,R2,Adjusted_R2,Time
LinearRegression,default,walk_forward_splits,all_features,"[100, 0.0, 0.0]",3183.4640266604547,44250269.35423561,2688.059663956558,0.11723484453751033,-17.9440028795614,-17.959173252237722,0.9620163990901067
LinearRegression,default,walk_forward_splits,most_corr_features,"[100, 0.0, 0.0]",3391.2694341195065,61018233.9973727,2617.300292375276,0.07086288532384052,-4.929091277627934,-4.93383929867108,0.5381784439086914
LinearRegression,default,walk_forward_splits,least_corr_features,"[100, 0.0, 0.0]",73743.2387154535,40731967106.732635,57835.77418322676,3.003816239047839,-9192.203973193462,-9199.565898297118,0.5565777100049533
LinearRegression,default_norm,walk_forward_splits,all_features,"[100, 0.0, 0.0]",3059.8315898625874,30253187.487394575,2634.2487166008914,0.10186439936088297,-10.94685108184337,-10.95641812975676,0.7134976937220647
LinearRegression,default_norm,walk_forward_splits,most_corr_features,"[100, 0.0, 0.0]",7092.243692285322,179258428.66893244,5613.312428102517,0.17561305599430985,-18.05514513591476,-18.07040451139898,0.501829248208266
LinearRegression,default_norm,walk_forward_splits,least_corr_features,"[100, 0.0, 0.0]",76474.76573120647,31364166708.500095,64663.093478521325,2.4432980735142076,-2211.787688322646,-2213.559690475456,0.5780488802836492
LinearRegression,cross_val,walk_forward_splits,most_corr_features,"[5, 0.0, 0.0]",7080.639552609432,179245046.82946178,5605.46758643934,0.17481426029794,-18.0193153987236,-18.034546081725583,0.2846716825778668
