Model,Type,Splitting,Features,Parameters,RMSE,MSE,MAE,MAPE,R2,Adjusted_R2,Time
RandomForestRegressor,default,walk_forward_splits,all_features,"[20, 5, 42]",4301.173893228679,34195378.93034584,3652.2901273830657,0.12749344000348367,-3.1306757881116303,-3.1339836365905986,1.3642711914502657
RandomForestRegressor,default,walk_forward_splits,most_corr_features,"[20, 5, 42]",4247.048110121389,33711039.51063743,3604.4521361482007,0.12718618312345234,-3.246663604890664,-3.2500643365061928,0.8837246894836426
RandomForestRegressor,default,walk_forward_splits,least_corr_features,"[20, 5, 42]",4629.7088815215175,38687589.30812177,3988.1129040572464,0.13757965597028504,-3.3912173330449726,-3.394733823401765,0.9383686872629019
RandomForestRegressor,default_norm,walk_forward_splits,all_features,"[20, 5, 42]",4522.930740186328,36889919.97567062,3910.6430691144055,0.13358195927273325,-3.511641498919897,-3.5152544250451574,1.1431852395717914
RandomForestRegressor,default_norm,walk_forward_splits,most_corr_features,"[20, 5, 42]",4612.399951274881,38553572.98023834,4040.100786669833,0.13983856289902838,-3.445915772720969,-3.4494760656320573,0.8751435279846191
RandomForestRegressor,default_norm,walk_forward_splits,least_corr_features,"[20, 5, 42]",5092.936611038331,46354037.828371085,4463.479957200254,0.15043229270667816,-4.469449130149918,-4.473829069393282,0.8731606006622314
RandomForestRegressor,cross_val,walk_forward_splits,most_corr_features,"[3, 10, 42]",4595.354615284459,38285525.17523021,4009.039645977381,0.13901904129135015,-3.386817845603834,-3.3903308128475604,1.3163887354043813
