Model,Type,Dataset,Splitting,Features,Parameters,RMSE,MSE,MAE,MAPE,R2,Adjusted_R2,Time
RandomForestRegressor,default,valid,walk_forward_splits,base_features,"[20, 5, 42]",2370.5199702146924,15606973.888330834,1896.375868412456,0.0654327075849716,-0.30570707528572777,-0.30675268655722765,0.8053304065357555
RandomForestRegressor,default,valid,walk_forward_splits,base_and_most_corr_features,"[20, 5, 42]",2478.345440898354,15767778.9204934,1990.4474971278034,0.06899288952861836,-0.4087499635237278,-0.4098780916226458,0.8076946193521674
RandomForestRegressor,default,valid,walk_forward_splits,base_and_least_corr_features,"[20, 5, 42]",2648.102197539586,17447224.695817348,2142.19471603616,0.07372105221125604,-0.6550700733803827,-0.656395454820527,0.8910904039036144
RandomForestRegressor,default_norm,valid,walk_forward_splits,base_features_norm,"[20, 5, 42]",4311.4140507347465,34076972.1423041,3717.6192585385575,0.12190294636984006,-5.011665854350789,-5.016480001181102,0.7404303767464377
RandomForestRegressor,default_norm,valid,walk_forward_splits,base_and_most_corr_features_norm,"[20, 5, 42]",5185.701604750656,55226355.6978051,4625.144485369469,0.1388643084289091,-5.399166328902597,-5.40429078642324,0.8735430890863592
RandomForestRegressor,default_norm,valid,walk_forward_splits,base_and_least_corr_features_norm,"[20, 5, 42]",4707.5880117632705,38352517.340218835,4032.8760949483144,0.12415503753051506,-2.599674528404424,-2.602557150649392,0.949206146326932
RandomForestRegressor,cross_val,valid,walk_forward_splits,base_features,"[10, 10, 42]",2317.720798761777,15067472.17492685,1860.292780840395,0.06412478804797471,-0.24825252462281863,-0.24925212624413826,1.214137781750072
