Model,Type,Splitting,Features,Parameters,RMSE,MSE,MAE,MAPE,R2,Adjusted_R2,Time
RandomForestRegressor,default_norm,walk_forward_splits,all_features,"[20, 5, 42]",5190.939166347819,44571792.57439533,4437.898290004578,0.14439590950081416,-4.181289674059741,-4.185438854979908,0.9162910092960704
RandomForestRegressor,cross_val,walk_forward_splits,all_features,"[10, 10, 42]",4953.58388699115,41637084.565381706,4210.6871952948095,0.13734181231799616,-3.3630829970199496,-3.3665769573779243,1.792142770507119
