Model,Type,Splitting,Features,Parameters,RMSE,MSE,MAE,MAPE,R2,Adjusted_R2,Time
RandomForestRegressor,default,walk_forward_splits,all_features,"[20, 5, 42]",3633.81028872461,24353308.542079173,3053.8936490886485,0.1026575010377405,-1.448513383064024,-1.4504741545419533,1.0670846700668335
RandomForestRegressor,default,walk_forward_splits,most_rel_features,"[20, 5, 42]",3239.5279152797057,19027436.51750186,2657.2615628301137,0.09037023113805688,-1.3457855272173889,-1.3476640341460913,0.6944673169742931
RandomForestRegressor,default,walk_forward_splits,least_rel_features,"[20, 5, 42]",6060.488142373564,58058774.02357468,5312.26726865159,0.17149916608996035,-6.748422689887334,-6.754627632982337,0.7580157084898516
RandomForestRegressor,default_norm,walk_forward_splits,all_features,"[20, 5, 42]",5190.939166347819,44571792.57439533,4437.898290004578,0.14439590950081416,-4.181289674059741,-4.185438854979908,0.9162910092960704
RandomForestRegressor,default_norm,walk_forward_splits,most_rel_features,"[20, 5, 42]",7259.576928480453,108960080.05004114,6644.4489149745505,0.20123522080003403,-21.847933490986534,-21.866230134422757,0.715325962413441
RandomForestRegressor,default_norm,walk_forward_splits,least_rel_features,"[20, 5, 42]",7264.564724984783,79553316.26853757,6472.24459395306,0.21733678784519697,-13.098132107613697,-13.109421903095273,0.8178689804944125
RandomForestRegressor,cross_val,walk_forward_splits,all_features,"[10, 10, 42]",4953.58388699115,41637084.565381706,4210.6871952948095,0.13734181231799616,-3.3630829970199496,-3.3665769573779243,1.792142770507119
