Model,Type,Splitting,Features,Parameters,RMSE,MSE,MAE,MAPE,R2,Adjusted_R2,Time
RandomForestRegressor,default,walk_forward_splits,all_features,"[20, 5, 42]",3633.81028872461,24353308.542079173,3053.8936490886485,0.1026575010377405,-1.448513383064024,-1.4504741545419533,1.7067343538457698
RandomForestRegressor,default,walk_forward_splits,most_rel_features,"[20, 5, 42]",3239.5279152797057,19027436.51750186,2657.2615628301137,0.09037023113805688,-1.3457855272173889,-1.3476640341460913,0.9854722889986905
RandomForestRegressor,default,walk_forward_splits,least_rel_features,"[20, 5, 42]",6060.488142373564,58058774.02357468,5312.26726865159,0.17149916608996035,-6.748422689887334,-6.754627632982337,1.0699063539505005
RandomForestRegressor,default_norm,walk_forward_splits,all_features,"[20, 5, 42]",5190.939166347819,44571792.57439533,4437.898290004578,0.14439590950081416,-4.181289674059741,-4.185438854979908,1.2830950888720425
RandomForestRegressor,default_norm,walk_forward_splits,most_rel_features,"[20, 5, 42]",7259.576928480453,108960080.05004114,6644.4489149745505,0.20123522080003403,-21.847933490986534,-21.866230134422757,0.8131036108190363
RandomForestRegressor,default_norm,walk_forward_splits,least_rel_features,"[20, 5, 42]",7264.564724984783,79553316.26853757,6472.24459395306,0.21733678784519697,-13.098132107613697,-13.109421903095273,0.9105036150325428
RandomForestRegressor,cross_val,walk_forward_splits,most_rel_features,"[5, 10, 42]",7245.981640121707,111630545.31090671,6466.936842508085,0.19143563656453344,-13.066306635407726,-13.077570945025668,1.4541242664510554
