Model,Type,Splitting,Features,Parameters,RMSE,MSE,MAE,MAPE,R2,Adjusted_R2,Time
RandomForestRegressor,default,walk_forward_splits,all_features,"[20, 5, 42]",3338.831730800626,19469913.667124085,2807.244926663114,0.11669599108839228,-1.2928538041752557,-1.2946899233377587,1.4654722707024936
RandomForestRegressor,default,walk_forward_splits,most_corr_features,"[20, 5, 42]",3265.153438229542,18592698.578481667,2741.212095876228,0.11438467427916164,-1.2559052372570834,-1.2577117679776093,1.496143365728444
RandomForestRegressor,default,walk_forward_splits,least_corr_features,"[20, 5, 42]",5067.151688542452,45768779.60400499,4466.207812286409,0.17840612261628153,-4.5316614311828305,-4.5360911900866805,0.9690134607512375
RandomForestRegressor,default_norm,walk_forward_splits,all_features,"[20, 5, 42]",4033.6900125772063,29710612.092893705,3467.756616828706,0.14092637538292438,-3.44764045021896,-3.45120212425317,1.8668104204638252
RandomForestRegressor,default_norm,walk_forward_splits,most_corr_features,"[20, 5, 42]",2695.1724742254623,15121815.249136413,2257.950832879354,0.09148710714636035,-0.6858256422251858,-0.6871756527494901,1.0561822365070213
RandomForestRegressor,default_norm,walk_forward_splits,least_corr_features,"[20, 5, 42]",5778.234226476953,56193442.15210848,5108.427197678455,0.20759420877561516,-9.305660968440383,-9.313913749996692,0.9710306627997036
RandomForestRegressor,cross_val,walk_forward_splits,most_corr_features,"[30, 10, 42]",2636.6060109134014,14980576.071039828,2207.6478357389256,0.08899292634176825,-0.609014356200564,-0.6103028561855093,3.563026025377471
